date,county,commodity,commodity_group,retail_mean,retail_std,retail_min,retail_max,wholesale_mean,wb_price
2022-02-28,Bungoma,White Sorghum,sorghum,,,,,,
2022-02-28,Embu,White Sorghum,sorghum,,,,,,
2022-02-28,Garissa,White Sorghum,sorghum,,,,,,
2022-02-28,Kakamega,White Sorghum,sorghum,,,,,,
2022-02-28,Kirinyaga,White Sorghum,sorghum,,,,,,
2022-02-28,Kisumu,White Sorghum,sorghum,,,,,,
2022-02-28,Lamu,White Sorghum,sorghum,,,,,,
2022-02-28,Machakos,White Sorghum,sorghum,,,,,,
2022-02-28,Mandera,White Sorghum,sorghum,,,,,,
2022-02-28,Meru,White Sorghum,sorghum,,,,,,
2022-02-28,Nakuru,White Sorghum,sorghum,,,,,,
2022-02-28,Nyeri,White Sorghum,sorghum,,,,,,
2022-02-28,Siaya,White Sorghum,sorghum,,,,,,
2022-02-28,Tharaka-Nithi,White Sorghum,sorghum,,,,,,
2022-02-28,Vihiga,White Sorghum,sorghum,,,,,,
2022-03-31,Embu,White Sorghum,sorghum,,,,,,
2022-03-31,Garissa,White Sorghum,sorghum,,,,,,
2022-03-31,Homa-bay,White Sorghum,sorghum,,,,,,
2022-03-31,Kakamega,White Sorghum,sorghum,,,,,,
2022-03-31,Kirinyaga,White Sorghum,sorghum,,,,,,
2022-03-31,Kisumu,White Sorghum,sorghum,,,,,,
2022-03-31,Kitui,White Sorghum,sorghum,,,,,,
2022-03-31,Lamu,White Sorghum,sorghum,,,,,,
2022-03-31,Machakos,White Sorghum,sorghum,,,,,,
2022-03-31,Mandera,White Sorghum,sorghum,,,,,,
2022-03-31,Meru,White Sorghum,sorghum,,,,,,
2022-03-31,Nakuru,White Sorghum,sorghum,,,,,,
2022-03-31,Nyeri,White Sorghum,sorghum,,,,,,
2022-03-31,Siaya,White Sorghum,sorghum,,,,,,
2022-03-31,Tharaka-Nithi,White Sorghum,sorghum,,,,,,
2022-03-31,Trans-Nzoia,White Sorghum,sorghum,,,,,,
2022-03-31,Vihiga,White Sorghum,sorghum,,,,,,
2022-04-30,Busia,White Sorghum,sorghum,,,,,,
2022-04-30,Embu,White Sorghum,sorghum,,,,,,
2022-04-30,Garissa,White Sorghum,sorghum,,,,,,
2022-04-30,Kakamega,White Sorghum,sorghum,,,,,,
2022-04-30,Kirinyaga,White Sorghum,sorghum,,,,,,
2022-04-30,Kisumu,White Sorghum,sorghum,,,,,,
2022-04-30,Kitui,White Sorghum,sorghum,,,,,,
2022-04-30,Lamu,White Sorghum,sorghum,,,,,,
2022-04-30,Machakos,White Sorghum,sorghum,,,,,,
2022-04-30,Meru,White Sorghum,sorghum,,,,,,
2022-04-30,Nairobi,White Sorghum,sorghum,,,,,,
2022-04-30,Nakuru,White Sorghum,sorghum,,,,,,
2022-04-30,Nyeri,White Sorghum,sorghum,,,,,,
2022-04-30,Siaya,White Sorghum,sorghum,,,,,,
2022-04-30,Taita-Taveta,White Sorghum,sorghum,,,,,,
2022-04-30,Tharaka-Nithi,White Sorghum,sorghum,,,,,,
2022-04-30,Vihiga,White Sorghum,sorghum,,,,,,
2022-05-31,Busia,White Sorghum,sorghum,,,,,,
2022-05-31,Embu,White Sorghum,sorghum,,,,,,
2022-05-31,Garissa,White Sorghum,sorghum,,,,,,
2022-05-31,Kakamega,White Sorghum,sorghum,,,,,,
2022-05-31,Kirinyaga,White Sorghum,sorghum,,,,,,
2022-05-31,Kisumu,White Sorghum,sorghum,,,,,,
2022-05-31,Kitui,White Sorghum,sorghum,,,,,,
2022-05-31,Lamu,White Sorghum,sorghum,,,,,,
2022-05-31,Mandera,White Sorghum,sorghum,,,,,,
2022-05-31,Meru,White Sorghum,sorghum,,,,,,
2022-05-31,Mombasa,White Sorghum,sorghum,,,,,,
2022-05-31,Nakuru,White Sorghum,sorghum,,,,,,
2022-05-31,Nyeri,White Sorghum,sorghum,,,,,,
2022-05-31,Samburu,White Sorghum,sorghum,,,,,,
2022-05-31,Siaya,White Sorghum,sorghum,,,,,,
2022-05-31,Tharaka-Nithi,White Sorghum,sorghum,,,,,,
2022-05-31,Trans-Nzoia,White Sorghum,sorghum,,,,,,
2022-05-31,Turkana,White Sorghum,sorghum,,,,,,
2022-05-31,Uasin-Gishu,White Sorghum,sorghum,,,,,,
2022-05-31,Vihiga,White Sorghum,sorghum,,,,,,
2022-06-30,Bungoma,White Sorghum,sorghum,,,,,,
2022-06-30,Busia,White Sorghum,sorghum,,,,,,
2022-06-30,Embu,White Sorghum,sorghum,,,,,,
2022-06-30,Garissa,White Sorghum,sorghum,,,,,,
2022-06-30,Kajiado,White Sorghum,sorghum,,,,,,
2022-06-30,Kakamega,White Sorghum,sorghum,,,,,,
2022-06-30,Kirinyaga,White Sorghum,sorghum,,,,,,
2022-06-30,Kisumu,White Sorghum,sorghum,,,,,,
2022-06-30,Kitui,White Sorghum,sorghum,,,,,,
2022-06-30,Lamu,White Sorghum,sorghum,,,,,,
2022-06-30,Mandera,White Sorghum,sorghum,,,,,,
2022-06-30,Meru,White Sorghum,sorghum,,,,,,
2022-06-30,Mombasa,White Sorghum,sorghum,,,,,,
2022-06-30,Nakuru,White Sorghum,sorghum,,,,,,
2022-06-30,Nyeri,White Sorghum,sorghum,,,,,,
2022-06-30,Siaya,White Sorghum,sorghum,,,,,,
2022-06-30,Tharaka-Nithi,White Sorghum,sorghum,,,,,,
2022-06-30,Trans-Nzoia,White Sorghum,sorghum,,,,,,
2022-06-30,Turkana,White Sorghum,sorghum,,,,,,
2022-06-30,Uasin-Gishu,White Sorghum,sorghum,,,,,,
2022-06-30,Vihiga,White Sorghum,sorghum,,,,,,
2022-07-31,Busia,White Sorghum,sorghum,,,,,,
2022-07-31,Embu,White Sorghum,sorghum,,,,,,
2022-07-31,Garissa,White Sorghum,sorghum,,,,,,
2022-07-31,Kajiado,White Sorghum,sorghum,,,,,,
2022-07-31,Kakamega,White Sorghum,sorghum,,,,,,
2022-07-31,Kirinyaga,White Sorghum,sorghum,,,,,,
2022-07-31,Kisii,White Sorghum,sorghum,,,,,,
2022-07-31,Kisumu,White Sorghum,sorghum,,,,,,
2022-07-31,Kitui,White Sorghum,sorghum,,,,,,
2022-07-31,Lamu,White Sorghum,sorghum,,,,,,
2022-07-31,Mandera,White Sorghum,sorghum,,,,,,
2022-07-31,Meru,White Sorghum,sorghum,,,,,,
2022-07-31,Mombasa,White Sorghum,sorghum,,,,,,
2022-07-31,Muranga,White Sorghum,sorghum,,,,,,
2022-07-31,Nakuru,White Sorghum,sorghum,,,,,,
2022-07-31,Nyeri,White Sorghum,sorghum,,,,,,
2022-07-31,Samburu,White Sorghum,sorghum,,,,,,
2022-07-31,Siaya,White Sorghum,sorghum,,,,,,
2022-07-31,Tharaka-Nithi,White Sorghum,sorghum,,,,,,
2022-07-31,Turkana,White Sorghum,sorghum,,,,,,
2022-07-31,Vihiga,White Sorghum,sorghum,,,,,,
2022-08-31,Bungoma,White Sorghum,sorghum,,,,,,
2022-08-31,Busia,White Sorghum,sorghum,,,,,,
2022-08-31,Embu,White Sorghum,sorghum,,,,,,
2022-08-31,Garissa,White Sorghum,sorghum,,,,,,
2022-08-31,Kajiado,White Sorghum,sorghum,,,,,,
2022-08-31,Kakamega,White Sorghum,sorghum,,,,,,
2022-08-31,Kirinyaga,White Sorghum,sorghum,,,,,,
2022-08-31,Lamu,White Sorghum,sorghum,,,,,,
2022-08-31,Makueni,White Sorghum,sorghum,,,,,,
2022-08-31,Mandera,White Sorghum,sorghum,,,,,,
2022-08-31,Meru,White Sorghum,sorghum,,,,,,
2022-08-31,Mombasa,White Sorghum,sorghum,,,,,,
2022-08-31,Muranga,White Sorghum,sorghum,,,,,,
2022-08-31,Nairobi,White Sorghum,sorghum,,,,,,
2022-08-31,Nakuru,White Sorghum,sorghum,,,,,,
2022-08-31,Nyeri,White Sorghum,sorghum,,,,,,
2022-08-31,Samburu,White Sorghum,sorghum,,,,,,
2022-08-31,Siaya,White Sorghum,sorghum,,,,,,
2022-08-31,Taita-Taveta,White Sorghum,sorghum,,,,,,
2022-08-31,Tharaka-Nithi,White Sorghum,sorghum,,,,,,
2022-08-31,Vihiga,White Sorghum,sorghum,,,,,,
2022-08-31,West-Pokot,White Sorghum,sorghum,,,,,,
2022-09-30,Busia,White Sorghum,sorghum,,,,,,
2022-09-30,Embu,White Sorghum,sorghum,,,,,,
2022-09-30,Garissa,White Sorghum,sorghum,,,,,,
2022-09-30,Kajiado,White Sorghum,sorghum,,,,,,
2022-09-30,Kakamega,White Sorghum,sorghum,,,,,,
2022-09-30,Kirinyaga,White Sorghum,sorghum,,,,,,
2022-09-30,Laikipia,White Sorghum,sorghum,,,,,,
2022-09-30,Lamu,White Sorghum,sorghum,,,,,,
2022-09-30,Makueni,White Sorghum,sorghum,,,,,,
2022-09-30,Mandera,White Sorghum,sorghum,,,,,,
2022-09-30,Meru,White Sorghum,sorghum,,,,,,
2022-09-30,Mombasa,White Sorghum,sorghum,,,,,,
2022-09-30,Muranga,White Sorghum,sorghum,,,,,,
2022-09-30,Nakuru,White Sorghum,sorghum,,,,,,
2022-09-30,Nandi,White Sorghum,sorghum,,,,,,
2022-09-30,Nyeri,White Sorghum,sorghum,,,,,,
2022-09-30,Siaya,White Sorghum,sorghum,,,,,,
2022-09-30,Taita-Taveta,White Sorghum,sorghum,,,,,,
2022-09-30,Tharaka-Nithi,White Sorghum,sorghum,,,,,,
2022-09-30,Vihiga,White Sorghum,sorghum,,,,,,
2022-09-30,West-Pokot,White Sorghum,sorghum,,,,,,
2022-10-31,Busia,White Sorghum,sorghum,,,,,,
2022-10-31,Embu,White Sorghum,sorghum,,,,,,
2022-10-31,Garissa,White Sorghum,sorghum,,,,,,
2022-10-31,Kajiado,White Sorghum,sorghum,,,,,,
2022-10-31,Kakamega,White Sorghum,sorghum,,,,,,
2022-10-31,Kirinyaga,White Sorghum,sorghum,,,,,,
2022-10-31,Kitui,White Sorghum,sorghum,,,,,,
2022-10-31,Lamu,White Sorghum,sorghum,,,,,,
2022-10-31,Mandera,White Sorghum,sorghum,,,,,,
2022-10-31,Meru,White Sorghum,sorghum,,,,,,
2022-10-31,Mombasa,White Sorghum,sorghum,,,,,,
2022-10-31,Muranga,White Sorghum,sorghum,,,,,,
2022-10-31,Nakuru,White Sorghum,sorghum,,,,,,
2022-10-31,Nandi,White Sorghum,sorghum,,,,,,
2022-10-31,Nyamira,White Sorghum,sorghum,,,,,,
2022-10-31,Nyeri,White Sorghum,sorghum,,,,,,
2022-10-31,Siaya,White Sorghum,sorghum,,,,,,
2022-10-31,Taita-Taveta,White Sorghum,sorghum,,,,,,
2022-10-31,Tharaka-Nithi,White Sorghum,sorghum,,,,,,
2022-10-31,Trans-Nzoia,White Sorghum,sorghum,,,,,,
2022-10-31,Uasin-Gishu,White Sorghum,sorghum,,,,,,
2022-10-31,Vihiga,White Sorghum,sorghum,,,,,,
2022-11-30,Bungoma,White Sorghum,sorghum,,,,,,
2022-11-30,Embu,White Sorghum,sorghum,,,,,,
2022-11-30,Garissa,White Sorghum,sorghum,,,,,,
2022-11-30,Kajiado,White Sorghum,sorghum,,,,,,
2022-11-30,Kirinyaga,White Sorghum,sorghum,,,,,,
2022-11-30,Kisumu,White Sorghum,sorghum,,,,,,
2022-11-30,Kitui,White Sorghum,sorghum,,,,,,
2022-11-30,Lamu,White Sorghum,sorghum,,,,,,
2022-11-30,Mandera,White Sorghum,sorghum,,,,,,
2022-11-30,Meru,White Sorghum,sorghum,,,,,,
2022-11-30,Mombasa,White Sorghum,sorghum,,,,,,
2022-11-30,Nairobi,White Sorghum,sorghum,,,,,,
2022-11-30,Nakuru,White Sorghum,sorghum,,,,,,
2022-11-30,Nyeri,White Sorghum,sorghum,,,,,,
2022-11-30,Samburu,White Sorghum,sorghum,,,,,,
2022-11-30,Siaya,White Sorghum,sorghum,,,,,,
2022-11-30,Taita-Taveta,White Sorghum,sorghum,,,,,,
2022-11-30,Tharaka-Nithi,White Sorghum,sorghum,,,,,,
2022-11-30,Trans-Nzoia,White Sorghum,sorghum,,,,,,
2022-11-30,Vihiga,White Sorghum,sorghum,,,,,,
2022-12-31,Bomet,White Sorghum,sorghum,,,,,,
2022-12-31,Bungoma,White Sorghum,sorghum,,,,,,
2022-12-31,Busia,White Sorghum,sorghum,,,,,,
2022-12-31,Embu,White Sorghum,sorghum,,,,,,
2022-12-31,Garissa,White Sorghum,sorghum,,,,,,
2022-12-31,Kajiado,White Sorghum,sorghum,,,,,,
2022-12-31,Kirinyaga,White Sorghum,sorghum,,,,,,
2022-12-31,Kisumu,White Sorghum,sorghum,,,,,,
2022-12-31,Lamu,White Sorghum,sorghum,,,,,,
2022-12-31,Machakos,White Sorghum,sorghum,,,,,,
2022-12-31,Mandera,White Sorghum,sorghum,,,,,,
2022-12-31,Meru,White Sorghum,sorghum,,,,,,
2022-12-31,Mombasa,White Sorghum,sorghum,,,,,,
2022-12-31,Nairobi,White Sorghum,sorghum,,,,,,
2022-12-31,Nakuru,White Sorghum,sorghum,,,,,,
2022-12-31,Nyeri,White Sorghum,sorghum,,,,,,
2022-12-31,Siaya,White Sorghum,sorghum,,,,,,
2022-12-31,Tharaka-Nithi,White Sorghum,sorghum,,,,,,
2022-12-31,Uasin-Gishu,White Sorghum,sorghum,,,,,,
2022-12-31,Vihiga,White Sorghum,sorghum,,,,,,
2023-01-31,Busia,White Sorghum,sorghum,,,,,,
2023-01-31,Embu,White Sorghum,sorghum,,,,,,
2023-01-31,Garissa,White Sorghum,sorghum,,,,,,
2023-01-31,Kakamega,White Sorghum,sorghum,,,,,,
2023-01-31,Kirinyaga,White Sorghum,sorghum,,,,,,
2023-01-31,Kitui,White Sorghum,sorghum,,,,,,
2023-01-31,Lamu,White Sorghum,sorghum,,,,,,
2023-01-31,Mandera,White Sorghum,sorghum,,,,,,
2023-01-31,Meru,White Sorghum,sorghum,,,,,,
2023-01-31,Mombasa,White Sorghum,sorghum,,,,,,
2023-01-31,Nairobi,White Sorghum,sorghum,,,,,,
2023-01-31,Nakuru,White Sorghum,sorghum,,,,,,
2023-01-31,Nyeri,White Sorghum,sorghum,,,,,,
2023-01-31,Siaya,White Sorghum,sorghum,,,,,,
2023-01-31,Tharaka-Nithi,White Sorghum,sorghum,,,,,,
2023-01-31,Trans-Nzoia,White Sorghum,sorghum,,,,,,
2023-01-31,Turkana,White Sorghum,sorghum,,,,,,
2023-01-31,Uasin-Gishu,White Sorghum,sorghum,,,,,,
2023-01-31,Vihiga,White Sorghum,sorghum,,,,,,
2023-02-28,Bungoma,White Sorghum,sorghum,,,,,,
2023-02-28,Embu,White Sorghum,sorghum,,,,,,
2023-02-28,Garissa,White Sorghum,sorghum,,,,,,
2023-02-28,Homa-bay,White Sorghum,sorghum,,,,,,
2023-02-28,Kajiado,White Sorghum,sorghum,,,,,,
2023-02-28,Kirinyaga,White Sorghum,sorghum,,,,,,
2023-02-28,Kitui,White Sorghum,sorghum,,,,,,
2023-02-28,Lamu,White Sorghum,sorghum,,,,,,
2023-02-28,Mandera,White Sorghum,sorghum,,,,,,
2023-02-28,Meru,White Sorghum,sorghum,,,,,,
2023-02-28,Mombasa,White Sorghum,sorghum,,,,,,
2023-02-28,Nairobi,White Sorghum,sorghum,,,,,,
2023-02-28,Nakuru,White Sorghum,sorghum,,,,,,
2023-02-28,Nyeri,White Sorghum,sorghum,,,,,,
2023-02-28,Siaya,White Sorghum,sorghum,,,,,,
2023-02-28,Tana-River,White Sorghum,sorghum,,,,,,
2023-02-28,Tharaka-Nithi,White Sorghum,sorghum,,,,,,
2023-02-28,Trans-Nzoia,White Sorghum,sorghum,,,,,,
2023-02-28,Turkana,White Sorghum,sorghum,,,,,,
2023-02-28,Uasin-Gishu,White Sorghum,sorghum,,,,,,
2023-02-28,Vihiga,White Sorghum,sorghum,,,,,,
2023-03-31,Bungoma,White Sorghum,sorghum,,,,,,
2023-03-31,Embu,White Sorghum,sorghum,,,,,,
2023-03-31,Garissa,White Sorghum,sorghum,,,,,,
2023-03-31,Kajiado,White Sorghum,sorghum,,,,,,
2023-03-31,Kirinyaga,White Sorghum,sorghum,,,,,,
2023-03-31,Kisumu,White Sorghum,sorghum,,,,,,
2023-03-31,Kitui,White Sorghum,sorghum,,,,,,
2023-03-31,Lamu,White Sorghum,sorghum,,,,,,
2023-03-31,Mandera,White Sorghum,sorghum,,,,,,
2023-03-31,Meru,White Sorghum,sorghum,,,,,,
2023-03-31,Migori,White Sorghum,sorghum,,,,,,
2023-03-31,Mombasa,White Sorghum,sorghum,,,,,,
2023-03-31,Nairobi,White Sorghum,sorghum,,,,,,
2023-03-31,Nakuru,White Sorghum,sorghum,,,,,,
2023-03-31,Nyeri,White Sorghum,sorghum,,,,,,
2023-03-31,Siaya,White Sorghum,sorghum,,,,,,
2023-03-31,Tharaka-Nithi,White Sorghum,sorghum,,,,,,
2023-03-31,Trans-Nzoia,White Sorghum,sorghum,,,,,,
2023-03-31,Turkana,White Sorghum,sorghum,,,,,,
2023-03-31,Vihiga,White Sorghum,sorghum,,,,,,
2023-04-30,Bungoma,White Sorghum,sorghum,,,,,,
2023-04-30,Embu,White Sorghum,sorghum,,,,,,
2023-04-30,Garissa,White Sorghum,sorghum,,,,,,
2023-04-30,Kajiado,White Sorghum,sorghum,,,,,,
2023-04-30,Kirinyaga,White Sorghum,sorghum,,,,,,
2023-04-30,Lamu,White Sorghum,sorghum,,,,,,
2023-04-30,Meru,White Sorghum,sorghum,,,,,,
2023-04-30,Migori,White Sorghum,sorghum,,,,,,
2023-04-30,Mombasa,White Sorghum,sorghum,,,,,,
2023-04-30,Muranga,White Sorghum,sorghum,,,,,,
2023-04-30,Nairobi,White Sorghum,sorghum,,,,,,
2023-04-30,Nakuru,White Sorghum,sorghum,,,,,,
2023-04-30,Nyeri,White Sorghum,sorghum,,,,,,
2023-04-30,Siaya,White Sorghum,sorghum,,,,,,
2023-04-30,Tharaka-Nithi,White Sorghum,sorghum,,,,,,
2023-04-30,Trans-Nzoia,White Sorghum,sorghum,,,,,,
2023-04-30,Turkana,White Sorghum,sorghum,,,,,,
2023-04-30,Vihiga,White Sorghum,sorghum,,,,,,
2023-05-31,Bungoma,White Sorghum,sorghum,,,,,,
2023-05-31,Embu,White Sorghum,sorghum,,,,,,
2023-05-31,Garissa,White Sorghum,sorghum,,,,,,
2023-05-31,Kajiado,White Sorghum,sorghum,,,,,,
2023-05-31,Kirinyaga,White Sorghum,sorghum,,,,,,
2023-05-31,Kisumu,White Sorghum,sorghum,,,,,,
2023-05-31,Kitui,White Sorghum,sorghum,,,,,,
2023-05-31,Lamu,White Sorghum,sorghum,,,,,,
2023-05-31,Meru,White Sorghum,sorghum,,,,,,
2023-05-31,Migori,White Sorghum,sorghum,,,,,,
2023-05-31,Mombasa,White Sorghum,sorghum,,,,,,
2023-05-31,Muranga,White Sorghum,sorghum,,,,,,
2023-05-31,Nakuru,White Sorghum,sorghum,,,,,,
2023-05-31,Nyeri,White Sorghum,sorghum,,,,,,
2023-05-31,Siaya,White Sorghum,sorghum,,,,,,
2023-05-31,Tharaka-Nithi,White Sorghum,sorghum,,,,,,
2023-05-31,Trans-Nzoia,White Sorghum,sorghum,,,,,,
2023-05-31,Vihiga,White Sorghum,sorghum,,,,,,
2023-06-30,Bungoma,White Sorghum,sorghum,,,,,,
2023-06-30,Embu,White Sorghum,sorghum,,,,,,
2023-06-30,Garissa,White Sorghum,sorghum,,,,,,
2023-06-30,Kajiado,White Sorghum,sorghum,,,,,,
2023-06-30,Kakamega,White Sorghum,sorghum,,,,,,
2023-06-30,Kirinyaga,White Sorghum,sorghum,,,,,,
2023-06-30,Kitui,White Sorghum,sorghum,,,,,,
2023-06-30,Lamu,White Sorghum,sorghum,,,,,,
2023-06-30,Meru,White Sorghum,sorghum,,,,,,
2023-06-30,Migori,White Sorghum,sorghum,,,,,,
2023-06-30,Mombasa,White Sorghum,sorghum,,,,,,
2023-06-30,Muranga,White Sorghum,sorghum,,,,,,
2023-06-30,Nakuru,White Sorghum,sorghum,,,,,,
2023-06-30,Nyeri,White Sorghum,sorghum,,,,,,
2023-06-30,Siaya,White Sorghum,sorghum,,,,,,
2023-06-30,Tharaka-Nithi,White Sorghum,sorghum,,,,,,
2023-06-30,Trans-Nzoia,White Sorghum,sorghum,,,,,,
2023-06-30,Vihiga,White Sorghum,sorghum,,,,,,
2023-06-30,West-Pokot,White Sorghum,sorghum,,,,,,
2023-07-31,Baringo,Beans Rosecoco,beans,,,,,,
2023-07-31,Baringo,Green Maize,maize,,,,,,
2023-07-31,Bomet,Beans Rosecoco,beans,,,,,,
2023-07-31,Bomet,Green Maize,maize,,,,,,
2023-07-31,Bungoma,Beans Rosecoco,beans,,,,,,
2023-07-31,Bungoma,Green Maize,maize,,,,,,
2023-07-31,Bungoma,White Sorghum,sorghum,,,,,,
2023-07-31,Busia,Beans Rosecoco,beans,,,,,,
2023-07-31,Embu,Beans Rosecoco,beans,,,,,,
2023-07-31,Embu,Green Maize,maize,,,,,,
2023-07-31,Embu,White Sorghum,sorghum,,,,,,
2023-07-31,Garissa,Green Maize,maize,,,,,,
2023-07-31,Garissa,White Sorghum,sorghum,,,,,,
2023-07-31,Homa-bay,Green Maize,maize,,,,,,
2023-07-31,Kajiado,Green Maize,maize,,,,,,
2023-07-31,Kakamega,Green Maize,maize,,,,,,
2023-07-31,Kericho,Green Maize,maize,,,,,,
2023-07-31,Kiambu,Green Maize,maize,,,,,,
2023-07-31,Kilifi,Green Maize,maize,,,,,,
2023-07-31,Kirinyaga,Beans Rosecoco,beans,,,,,,
2023-07-31,Kirinyaga,Green Maize,maize,,,,,,
2023-07-31,Kirinyaga,White Sorghum,sorghum,,,,,,
2023-07-31,Kisii,Beans Rosecoco,beans,,,,,,
2023-07-31,Kisumu,Green Maize,maize,,,,,,
2023-07-31,Kitui,Beans Rosecoco,beans,,,,,,
2023-07-31,Kitui,White Sorghum,sorghum,,,,,,
2023-07-31,Kwale,Green Maize,maize,,,,,,
2023-07-31,Laikipia,Green Maize,maize,,,,,,
2023-07-31,Lamu,White Sorghum,sorghum,,,,,,
2023-07-31,Makueni,Beans Rosecoco,beans,,,,,,
2023-07-31,Makueni,Green Maize,maize,,,,,,
2023-07-31,Meru,Beans Rosecoco,beans,,,,,,
2023-07-31,Meru,Green Maize,maize,,,,,,
2023-07-31,Meru,White Sorghum,sorghum,,,,,,
2023-07-31,Migori,Beans Rosecoco,beans,,,,,,
2023-07-31,Migori,Green Maize,maize,,,,,,
2023-07-31,Migori,White Sorghum,sorghum,,,,,,
2023-07-31,Mombasa,Beans Rosecoco,beans,,,,,,
2023-07-31,Mombasa,Green Maize,maize,,,,,,
2023-07-31,Mombasa,White Sorghum,sorghum,,,,,,
2023-07-31,Muranga,Green Maize,maize,,,,,,
2023-07-31,Muranga,White Sorghum,sorghum,,,,,,
2023-07-31,Nairobi,Beans Rosecoco,beans,,,,,,
2023-07-31,Nairobi,Green Maize,maize,,,,,,
2023-07-31,Nairobi,White Sorghum,sorghum,,,,,,
2023-07-31,Nakuru,Beans Rosecoco,beans,,,,,,
2023-07-31,Nakuru,Green Maize,maize,,,,,,
2023-07-31,Nakuru,White Sorghum,sorghum,,,,,,
2023-07-31,Narok,Beans Rosecoco,beans,,,,,,
2023-07-31,Nyamira,Beans Rosecoco,beans,,,,,,
2023-07-31,Nyamira,Green Maize,maize,,,,,,
2023-07-31,Nyandarua,Beans Rosecoco,beans,,,,,,
2023-07-31,Nyandarua,Green Maize,maize,,,,,,
2023-07-31,Nyeri,Green Maize,maize,,,,,,
2023-07-31,Nyeri,White Sorghum,sorghum,,,,,,
2023-07-31,Samburu,Beans Rosecoco,beans,,,,,,
2023-07-31,Siaya,Beans Rosecoco,beans,,,,,,
2023-07-31,Siaya,Green Maize,maize,,,,,,
2023-07-31,Siaya,White Sorghum,sorghum,,,,,,
2023-07-31,Taita-Taveta,Green Maize,maize,,,,,,
2023-07-31,Tharaka-Nithi,Beans Rosecoco,beans,,,,,,
2023-07-31,Tharaka-Nithi,Green Maize,maize,,,,,,
2023-07-31,Tharaka-Nithi,White Sorghum,sorghum,,,,,,
2023-07-31,Trans-Nzoia,Beans Rosecoco,beans,,,,,,
2023-07-31,Trans-Nzoia,Green Maize,maize,,,,,,
2023-07-31,Trans-Nzoia,White Sorghum,sorghum,,,,,,
2023-07-31,Uasin-Gishu,Beans Rosecoco,beans,,,,,,
2023-07-31,Uasin-Gishu,Green Maize,maize,,,,,,
2023-07-31,Vihiga,Green Maize,maize,,,,,,
2023-07-31,Vihiga,White Sorghum,sorghum,,,,,,
2023-07-31,West-Pokot,Green Maize,maize,,,,,,
2023-07-31,West-Pokot,White Sorghum,sorghum,,,,,,
2023-08-31,Bomet,Beans Rosecoco,beans,,,,,,
2023-08-31,Bomet,Green Maize,maize,,,,,,
2023-08-31,Bomet,Red Sorghum,sorghum,,,,,,
2023-08-31,Bungoma,Beans Rosecoco,beans,,,,,,
2023-08-31,Bungoma,Green Maize,maize,,,,,,
2023-08-31,Bungoma,Red Sorghum,sorghum,,,,,,
2023-08-31,Bungoma,White Sorghum,sorghum,,,,,,
2023-08-31,Busia,Beans Rosecoco,beans,,,,,,
2023-08-31,Busia,Red Sorghum,sorghum,,,,,,
2023-08-31,Elgeyo-Marakwet,Beans Rosecoco,beans,,,,,,
2023-08-31,Elgeyo-Marakwet,Green Maize,maize,,,,,,
2023-08-31,Embu,Beans Rosecoco,beans,,,,,,
2023-08-31,Embu,Green Maize,maize,,,,,,
2023-08-31,Embu,Red Sorghum,sorghum,,,,,,
2023-08-31,Embu,White Sorghum,sorghum,,,,,,
2023-08-31,Garissa,Green Maize,maize,,,,,,
2023-08-31,Garissa,Red Sorghum,sorghum,,,,,,
2023-08-31,Garissa,White Sorghum,sorghum,,,,,,
2023-08-31,Homa-bay,Beans Rosecoco,beans,,,,,,
2023-08-31,Homa-bay,Red Sorghum,sorghum,,,,,,
2023-08-31,Kajiado,Beans Rosecoco,beans,,,,,,
2023-08-31,Kajiado,Green Maize,maize,,,,,,
2023-08-31,Kajiado,Red Sorghum,sorghum,,,,,,
2023-08-31,Kajiado,White Sorghum,sorghum,,,,,,
2023-08-31,Kericho,Beans Rosecoco,beans,,,,,,
2023-08-31,Kericho,Green Maize,maize,,,,,,
2023-08-31,Kericho,Red Sorghum,sorghum,,,,,,
2023-08-31,Kiambu,Beans Rosecoco,beans,,,,,,
2023-08-31,Kiambu,Red Sorghum,sorghum,,,,,,
2023-08-31,Kiambu,White Sorghum,sorghum,,,,,,
2023-08-31,Kilifi,Green Maize,maize,,,,,,
2023-08-31,Kirinyaga,Beans Rosecoco,beans,,,,,,
2023-08-31,Kirinyaga,Green Maize,maize,,,,,,
2023-08-31,Kirinyaga,Red Sorghum,sorghum,,,,,,
2023-08-31,Kirinyaga,White Sorghum,sorghum,,,,,,
2023-08-31,Kisii,Beans Rosecoco,beans,,,,,,
2023-08-31,Kisii,Green Maize,maize,,,,,,
2023-08-31,Kisumu,Beans Rosecoco,beans,,,,,,
2023-08-31,Kisumu,Green Maize,maize,,,,,,
2023-08-31,Kisumu,Red Sorghum,sorghum,,,,,,
2023-08-31,Kisumu,White Sorghum,sorghum,,,,,,
2023-08-31,Kitui,Beans Rosecoco,beans,,,,,,
2023-08-31,Kitui,Green Maize,maize,,,,,,
2023-08-31,Kitui,Red Sorghum,sorghum,,,,,,
2023-08-31,Kitui,White Sorghum,sorghum,,,,,,
2023-08-31,Kwale,Green Maize,maize,,,,,,
2023-08-31,Laikipia,Beans Rosecoco,beans,,,,,,
2023-08-31,Laikipia,Green Maize,maize,,,,,,
2023-08-31,Makueni,Beans Rosecoco,beans,,,,,,
2023-08-31,Meru,Beans Rosecoco,beans,,,,,,
2023-08-31,Meru,Green Maize,maize,,,,,,
2023-08-31,Meru,Red Sorghum,sorghum,,,,,,
2023-08-31,Meru,White Sorghum,sorghum,,,,,,
2023-08-31,Migori,Beans Rosecoco,beans,,,,,,
2023-08-31,Migori,Green Maize,maize,,,,,,
2023-08-31,Migori,Red Sorghum,sorghum,,,,,,
2023-08-31,Migori,White Sorghum,sorghum,,,,,,
2023-08-31,Mombasa,Beans Rosecoco,beans,,,,,,
2023-08-31,Mombasa,Green Maize,maize,,,,,,
2023-08-31,Mombasa,Red Sorghum,sorghum,,,,,,
2023-08-31,Mombasa,White Sorghum,sorghum,,,,,,
2023-08-31,Muranga,Green Maize,maize,,,,,,
2023-08-31,Nairobi,Beans Rosecoco,beans,,,,,,
2023-08-31,Nairobi,Green Maize,maize,,,,,,
2023-08-31,Nairobi,Red Sorghum,sorghum,,,,,,
2023-08-31,Nairobi,White Sorghum,sorghum,,,,,,
2023-08-31,Nakuru,Beans Rosecoco,beans,,,,,,
2023-08-31,Nakuru,Green Maize,maize,,,,,,
2023-08-31,Nakuru,Red Sorghum,sorghum,,,,,,
2023-08-31,Nakuru,White Sorghum,sorghum,,,,,,
2023-08-31,Nandi,Beans Rosecoco,beans,,,,,,
2023-08-31,Nandi,Green Maize,maize,,,,,,
2023-08-31,Nandi,Red Sorghum,sorghum,,,,,,
2023-08-31,Narok,Beans Rosecoco,beans,,,,,,
2023-08-31,Nyamira,Beans Rosecoco,beans,,,,,,
2023-08-31,Nyamira,Red Sorghum,sorghum,,,,,,
2023-08-31,Nyandarua,Beans Rosecoco,beans,,,,,,
2023-08-31,Nyandarua,Green Maize,maize,,,,,,
2023-08-31,Nyeri,Beans Rosecoco,beans,,,,,,
2023-08-31,Nyeri,Green Maize,maize,,,,,,
2023-08-31,Nyeri,Red Sorghum,sorghum,,,,,,
2023-08-31,Nyeri,White Sorghum,sorghum,,,,,,
2023-08-31,Samburu,Beans Rosecoco,beans,,,,,,
2023-08-31,Samburu,Green Maize,maize,,,,,,
2023-08-31,Siaya,Beans Rosecoco,beans,,,,,,
2023-08-31,Siaya,Green Maize,maize,,,,,,
2023-08-31,Siaya,Red Sorghum,sorghum,,,,,,
2023-08-31,Siaya,White Sorghum,sorghum,,,,,,
2023-08-31,Taita-Taveta,Green Maize,maize,,,,,,
2023-08-31,Taita-Taveta,Red Sorghum,sorghum,,,,,,
2023-08-31,Taita-Taveta,White Sorghum,sorghum,,,,,,
2023-08-31,Tharaka-Nithi,Beans Rosecoco,beans,,,,,,
2023-08-31,Tharaka-Nithi,Green Maize,maize,,,,,,
2023-08-31,Tharaka-Nithi,Red Sorghum,sorghum,,,,,,
2023-08-31,Tharaka-Nithi,White Sorghum,sorghum,,,,,,
2023-08-31,Trans-Nzoia,Beans Rosecoco,beans,,,,,,
2023-08-31,Trans-Nzoia,Green Maize,maize,,,,,,
2023-08-31,Trans-Nzoia,Red Sorghum,sorghum,,,,,,
2023-08-31,Trans-Nzoia,White Sorghum,sorghum,,,,,,
2023-08-31,Uasin-Gishu,Beans Rosecoco,beans,,,,,,
2023-08-31,Uasin-Gishu,Green Maize,maize,,,,,,
2023-08-31,Uasin-Gishu,Red Sorghum,sorghum,,,,,,
2023-08-31,Vihiga,Beans Rosecoco,beans,,,,,,
2023-08-31,Vihiga,Green Maize,maize,,,,,,
2023-08-31,Vihiga,Red Sorghum,sorghum,,,,,,
2023-08-31,Vihiga,White Sorghum,sorghum,,,,,,
2023-08-31,West-Pokot,Beans Rosecoco,beans,,,,,,
2023-08-31,West-Pokot,Green Maize,maize,,,,,,
2023-09-30,Bomet,Beans Rosecoco,beans,,,,,,
2023-09-30,Bomet,Green Maize,maize,,,,,,
2023-09-30,Bomet,Red Sorghum,sorghum,,,,,,
2023-09-30,Bungoma,Beans Rosecoco,beans,,,,,,
2023-09-30,Bungoma,Red Sorghum,sorghum,,,,,,
2023-09-30,Busia,Beans Rosecoco,beans,,,,,,
2023-09-30,Elgeyo-Marakwet,Green Maize,maize,,,,,,
2023-09-30,Embu,Beans Rosecoco,beans,,,,,,
2023-09-30,Embu,Green Maize,maize,,,,,,
2023-09-30,Embu,Red Sorghum,sorghum,,,,,,
2023-09-30,Embu,White Sorghum,sorghum,,,,,,
2023-09-30,Kajiado,Green Maize,maize,,,,,,
2023-09-30,Kilifi,Green Maize,maize,,,,,,
2023-09-30,Kirinyaga,Beans Rosecoco,beans,,,,,,
2023-09-30,Kirinyaga,Green Maize,maize,,,,,,
2023-09-30,Kirinyaga,Red Sorghum,sorghum,,,,,,
2023-09-30,Kirinyaga,White Sorghum,sorghum,,,,,,
2023-09-30,Kisii,Beans Rosecoco,beans,,,,,,
2023-09-30,Kisii,Green Maize,maize,,,,,,
2023-09-30,Kisii,Red Sorghum,sorghum,,,,,,
2023-09-30,Kisumu,Beans Rosecoco,beans,,,,,,
2023-09-30,Kisumu,Green Maize,maize,,,,,,
2023-09-30,Kisumu,Red Sorghum,sorghum,,,,,,
2023-09-30,Kitui,Beans Rosecoco,beans,,,,,,
2023-09-30,Kitui,Green Maize,maize,,,,,,
2023-09-30,Kitui,Red Sorghum,sorghum,,,,,,
2023-09-30,Kitui,White Sorghum,sorghum,,,,,,
2023-09-30,Kwale,Green Maize,maize,,,,,,
2023-09-30,Laikipia,Beans Rosecoco,beans,,,,,,
2023-09-30,Laikipia,Green Maize,maize,,,,,,
2023-09-30,Lamu,Red Sorghum,sorghum,,,,,,
2023-09-30,Lamu,White Sorghum,sorghum,,,,,,
2023-09-30,Meru,Beans Rosecoco,beans,,,,,,
2023-09-30,Meru,Green Maize,maize,,,,,,
2023-09-30,Meru,Red Sorghum,sorghum,,,,,,
2023-09-30,Meru,White Sorghum,sorghum,,,,,,
2023-09-30,Migori,Beans Rosecoco,beans,,,,,,
2023-09-30,Migori,Green Maize,maize,,,,,,
2023-09-30,Migori,Red Sorghum,sorghum,,,,,,
2023-09-30,Migori,White Sorghum,sorghum,,,,,,
2023-09-30,Mombasa,Green Maize,maize,,,,,,
2023-09-30,Nairobi,Beans Rosecoco,beans,,,,,,
2023-09-30,Nairobi,Green Maize,maize,,,,,,
2023-09-30,Nairobi,Red Sorghum,sorghum,,,,,,
2023-09-30,Nairobi,White Sorghum,sorghum,,,,,,
2023-09-30,Nakuru,Beans Rosecoco,beans,,,,,,
2023-09-30,Nakuru,Green Maize,maize,,,,,,
2023-09-30,Nakuru,Red Sorghum,sorghum,,,,,,
2023-09-30,Nakuru,White Sorghum,sorghum,,,,,,
2023-09-30,Nandi,Beans Rosecoco,beans,,,,,,
2023-09-30,Nandi,Red Sorghum,sorghum,,,,,,
2023-09-30,Nyamira,Beans Rosecoco,beans,,,,,,
2023-09-30,Nyamira,Green Maize,maize,,,,,,
2023-09-30,Nyamira,Red Sorghum,sorghum,,,,,,
2023-09-30,Nyandarua,Beans Rosecoco,beans,,,,,,
2023-09-30,Nyandarua,Green Maize,maize,,,,,,
2023-09-30,Nyeri,Beans Rosecoco,beans,,,,,,
2023-09-30,Nyeri,Red Sorghum,sorghum,,,,,,
2023-09-30,Samburu,Beans Rosecoco,beans,,,,,,
2023-09-30,Siaya,Beans Rosecoco,beans,,,,,,
2023-09-30,Siaya,Green Maize,maize,,,,,,
2023-09-30,Siaya,Red Sorghum,sorghum,,,,,,
2023-09-30,Siaya,White Sorghum,sorghum,,,,,,
2023-09-30,Taita-Taveta,Beans Rosecoco,beans,,,,,,
2023-09-30,Taita-Taveta,Green Maize,maize,,,,,,
2023-09-30,Taita-Taveta,Red Sorghum,sorghum,,,,,,
2023-09-30,Taita-Taveta,White Sorghum,sorghum,,,,,,
2023-09-30,Tharaka-Nithi,Beans Rosecoco,beans,,,,,,
2023-09-30,Tharaka-Nithi,Green Maize,maize,,,,,,
2023-09-30,Tharaka-Nithi,Red Sorghum,sorghum,,,,,,
2023-09-30,Tharaka-Nithi,White Sorghum,sorghum,,,,,,
2023-09-30,Trans-Nzoia,Beans Rosecoco,beans,,,,,,
2023-09-30,Trans-Nzoia,Green Maize,maize,,,,,,
2023-09-30,Trans-Nzoia,Red Sorghum,sorghum,,,,,,
2023-09-30,Trans-Nzoia,White Sorghum,sorghum,,,,,,
2023-09-30,Turkana,Green Maize,maize,,,,,,
2023-09-30,Uasin-Gishu,Beans Rosecoco,beans,,,,,,
2023-09-30,Uasin-Gishu,Red Sorghum,sorghum,,,,,,
2023-09-30,Vihiga,Beans Rosecoco,beans,,,,,,
2023-09-30,Vihiga,Green Maize,maize,,,,,,
2023-09-30,Vihiga,Red Sorghum,sorghum,,,,,,
2023-09-30,Vihiga,White Sorghum,sorghum,,,,,,
2023-09-30,Wajir,Green Maize,maize,,,,,,
2023-09-30,West-Pokot,Beans Rosecoco,beans,,,,,,
2023-09-30,West-Pokot,Green Maize,maize,,,,,,
2023-10-31,Bomet,Beans Rosecoco,beans,,,,,,
2023-10-31,Bomet,Red Sorghum,sorghum,,,,,,
2023-10-31,Bomet,White Sorghum,sorghum,,,,,,
2023-10-31,Busia,Beans Rosecoco,beans,,,,,,
2023-10-31,Embu,Beans Rosecoco,beans,,,,,,
2023-10-31,Embu,Green Maize,maize,,,,,,
2023-10-31,Embu,Red Sorghum,sorghum,,,,,,
2023-10-31,Embu,White Sorghum,sorghum,,,,,,
2023-10-31,Garissa,Green Maize,maize,,,,,,
2023-10-31,Kericho,Beans Rosecoco,beans,,,,,,
2023-10-31,Kericho,Red Sorghum,sorghum,,,,,,
2023-10-31,Kilifi,Green Maize,maize,,,,,,
2023-10-31,Kirinyaga,Beans Rosecoco,beans,,,,,,
2023-10-31,Kirinyaga,Green Maize,maize,,,,,,
2023-10-31,Kirinyaga,Red Sorghum,sorghum,,,,,,
2023-10-31,Kisii,Beans Rosecoco,beans,,,,,,
2023-10-31,Kisii,Green Maize,maize,,,,,,
2023-10-31,Kisii,Red Sorghum,sorghum,,,,,,
2023-10-31,Kisumu,Beans Rosecoco,beans,,,,,,
2023-10-31,Kisumu,Red Sorghum,sorghum,,,,,,
2023-10-31,Kitui,Beans Rosecoco,beans,,,,,,
2023-10-31,Kitui,Red Sorghum,sorghum,,,,,,
2023-10-31,Kitui,White Sorghum,sorghum,,,,,,
2023-10-31,Kwale,Green Maize,maize,,,,,,
2023-10-31,Makueni,Green Maize,maize,,,,,,
2023-10-31,Meru,Beans Rosecoco,beans,,,,,,
2023-10-31,Meru,Green Maize,maize,,,,,,
2023-10-31,Meru,Red Sorghum,sorghum,,,,,,
2023-10-31,Meru,White Sorghum,sorghum,,,,,,
2023-10-31,Migori,Beans Rosecoco,beans,,,,,,
2023-10-31,Migori,Green Maize,maize,,,,,,
2023-10-31,Migori,Red Sorghum,sorghum,,,,,,
2023-10-31,Migori,White Sorghum,sorghum,,,,,,
2023-10-31,Mombasa,Green Maize,maize,,,,,,
2023-10-31,Nairobi,Beans Rosecoco,beans,,,,,,
2023-10-31,Nairobi,Green Maize,maize,,,,,,
2023-10-31,Nairobi,Red Sorghum,sorghum,,,,,,
2023-10-31,Nairobi,White Sorghum,sorghum,,,,,,
2023-10-31,Nakuru,Beans Rosecoco,beans,,,,,,
2023-10-31,Nakuru,Green Maize,maize,,,,,,
2023-10-31,Nakuru,Red Sorghum,sorghum,,,,,,
2023-10-31,Nakuru,White Sorghum,sorghum,,,,,,
2023-10-31,Nandi,Beans Rosecoco,beans,,,,,,
2023-10-31,Nandi,Green Maize,maize,,,,,,
2023-10-31,Nandi,Red Sorghum,sorghum,,,,,,
2023-10-31,Nyamira,Beans Rosecoco,beans,,,,,,
2023-10-31,Nyamira,Green Maize,maize,,,,,,
2023-10-31,Nyamira,Red Sorghum,sorghum,,,,,,
2023-10-31,Nyeri,Beans Rosecoco,beans,,,,,,
2023-10-31,Nyeri,Green Maize,maize,,,,,,
2023-10-31,Nyeri,Red Sorghum,sorghum,,,,,,
2023-10-31,Siaya,Beans Rosecoco,beans,,,,,,
2023-10-31,Siaya,Green Maize,maize,,,,,,
2023-10-31,Taita-Taveta,Green Maize,maize,,,,,,
2023-10-31,Taita-Taveta,Red Sorghum,sorghum,,,,,,
2023-10-31,Taita-Taveta,White Sorghum,sorghum,,,,,,
2023-10-31,Tharaka-Nithi,Beans Rosecoco,beans,,,,,,
2023-10-31,Tharaka-Nithi,Green Maize,maize,,,,,,
2023-10-31,Tharaka-Nithi,Red Sorghum,sorghum,,,,,,
2023-10-31,Tharaka-Nithi,White Sorghum,sorghum,,,,,,
2023-10-31,Trans-Nzoia,Beans Rosecoco,beans,,,,,,
2023-10-31,Trans-Nzoia,Green Maize,maize,,,,,,
2023-10-31,Trans-Nzoia,Red Sorghum,sorghum,,,,,,
2023-10-31,Uasin-Gishu,Beans Rosecoco,beans,,,,,,
2023-10-31,Uasin-Gishu,Red Sorghum,sorghum,,,,,,
2023-10-31,Vihiga,Beans Rosecoco,beans,,,,,,
2023-10-31,Vihiga,Green Maize,maize,,,,,,
2023-10-31,Vihiga,Red Sorghum,sorghum,,,,,,
2023-10-31,Vihiga,White Sorghum,sorghum,,,,,,
2023-10-31,Wajir,Green Maize,maize,,,,,,
2023-11-30,Bungoma,Beans Rosecoco,beans,,,,,,
2023-11-30,Bungoma,Green Maize,maize,,,,,,
2023-11-30,Bungoma,Red Sorghum,sorghum,,,,,,
2023-11-30,Embu,Beans Rosecoco,beans,,,,,,
2023-11-30,Embu,Green Maize,maize,,,,,,
2023-11-30,Embu,Red Sorghum,sorghum,,,,,,
2023-11-30,Embu,White Sorghum,sorghum,,,,,,
2023-11-30,Kericho,Beans Rosecoco,beans,,,,,,
2023-11-30,Kericho,Green Maize,maize,,,,,,
2023-11-30,Kericho,Red Sorghum,sorghum,,,,,,
2023-11-30,Kilifi,Green Maize,maize,,,,,,
2023-11-30,Kirinyaga,Beans Rosecoco,beans,,,,,,
2023-11-30,Kirinyaga,Green Maize,maize,,,,,,
2023-11-30,Kirinyaga,Red Sorghum,sorghum,,,,,,
2023-11-30,Kirinyaga,White Sorghum,sorghum,,,,,,
2023-11-30,Kisii,Beans Rosecoco,beans,,,,,,
2023-11-30,Kisii,Red Sorghum,sorghum,,,,,,
2023-11-30,Kisumu,Beans Rosecoco,beans,,,,,,
2023-11-30,Kisumu,Green Maize,maize,,,,,,
2023-11-30,Kisumu,Red Sorghum,sorghum,,,,,,
2023-11-30,Kitui,Beans Rosecoco,beans,,,,,,
2023-11-30,Kitui,Red Sorghum,sorghum,,,,,,
2023-11-30,Kitui,White Sorghum,sorghum,,,,,,
2023-11-30,Kwale,Green Maize,maize,,,,,,
2023-11-30,Meru,Beans Rosecoco,beans,,,,,,
2023-11-30,Meru,Green Maize,maize,,,,,,
2023-11-30,Meru,Red Sorghum,sorghum,,,,,,
2023-11-30,Meru,White Sorghum,sorghum,,,,,,
2023-11-30,Migori,Beans Rosecoco,beans,,,,,,
2023-11-30,Migori,Green Maize,maize,,,,,,
2023-11-30,Migori,Red Sorghum,sorghum,,,,,,
2023-11-30,Migori,White Sorghum,sorghum,,,,,,
2023-11-30,Nairobi,Beans Rosecoco,beans,,,,,,
2023-11-30,Nairobi,Green Maize,maize,,,,,,
2023-11-30,Nairobi,Red Sorghum,sorghum,,,,,,
2023-11-30,Nakuru,Beans Rosecoco,beans,,,,,,
2023-11-30,Nakuru,Green Maize,maize,,,,,,
2023-11-30,Nakuru,Red Sorghum,sorghum,,,,,,
2023-11-30,Nakuru,White Sorghum,sorghum,,,,,,
2023-11-30,Nandi,Beans Rosecoco,beans,,,,,,
2023-11-30,Nandi,Green Maize,maize,,,,,,
2023-11-30,Nandi,Red Sorghum,sorghum,,,,,,
2023-11-30,Nyamira,Beans Rosecoco,beans,,,,,,
2023-11-30,Nyamira,Green Maize,maize,,,,,,
2023-11-30,Nyamira,Red Sorghum,sorghum,,,,,,
2023-11-30,Nyamira,White Sorghum,sorghum,,,,,,
2023-11-30,Nyandarua,Green Maize,maize,,,,,,
2023-11-30,Nyeri,Beans Rosecoco,beans,,,,,,
2023-11-30,Nyeri,Green Maize,maize,,,,,,
2023-11-30,Nyeri,Red Sorghum,sorghum,,,,,,
2023-11-30,Samburu,Beans Rosecoco,beans,,,,,,
2023-11-30,Siaya,Beans Rosecoco,beans,,,,,,
2023-11-30,Siaya,Green Maize,maize,,,,,,
2023-11-30,Siaya,Red Sorghum,sorghum,,,,,,
2023-11-30,Taita-Taveta,Green Maize,maize,,,,,,
2023-11-30,Tharaka-Nithi,Beans Rosecoco,beans,,,,,,
2023-11-30,Tharaka-Nithi,Green Maize,maize,,,,,,
2023-11-30,Tharaka-Nithi,Red Sorghum,sorghum,,,,,,
2023-11-30,Tharaka-Nithi,White Sorghum,sorghum,,,,,,
2023-11-30,Trans-Nzoia,Beans Rosecoco,beans,,,,,,
2023-11-30,Trans-Nzoia,Green Maize,maize,,,,,,
2023-11-30,Trans-Nzoia,Red Sorghum,sorghum,,,,,,
2023-11-30,Uasin-Gishu,Beans Rosecoco,beans,,,,,,
2023-11-30,Uasin-Gishu,Red Sorghum,sorghum,,,,,,
2023-11-30,Vihiga,Beans Rosecoco,beans,,,,,,
2023-11-30,Vihiga,Red Sorghum,sorghum,,,,,,
2023-12-31,Bungoma,Beans Rosecoco,beans,,,,,,
2023-12-31,Bungoma,Red Sorghum,sorghum,,,,,,
2023-12-31,Busia,Beans Rosecoco,beans,,,,,,
2023-12-31,Embu,Beans Rosecoco,beans,,,,,,
2023-12-31,Embu,Green Maize,maize,,,,,,
2023-12-31,Embu,Red Sorghum,sorghum,,,,,,
2023-12-31,Embu,White Sorghum,sorghum,,,,,,
2023-12-31,Kakamega,Beans Rosecoco,beans,,,,,,
2023-12-31,Kakamega,Red Sorghum,sorghum,,,,,,
2023-12-31,Kericho,Beans Rosecoco,beans,,,,,,
2023-12-31,Kericho,Red Sorghum,sorghum,,,,,,
2023-12-31,Kilifi,Green Maize,maize,,,,,,
2023-12-31,Kirinyaga,Beans Rosecoco,beans,,,,,,
2023-12-31,Kirinyaga,Green Maize,maize,,,,,,
2023-12-31,Kirinyaga,Red Sorghum,sorghum,,,,,,
2023-12-31,Kirinyaga,White Sorghum,sorghum,,,,,,
2023-12-31,Kisii,Beans Rosecoco,beans,,,,,,
2023-12-31,Kisii,Red Sorghum,sorghum,,,,,,
2023-12-31,Kisumu,Beans Rosecoco,beans,,,,,,
2023-12-31,Kisumu,Green Maize,maize,,,,,,
2023-12-31,Kisumu,Red Sorghum,sorghum,,,,,,
2023-12-31,Kitui,Beans Rosecoco,beans,,,,,,
2023-12-31,Kitui,Red Sorghum,sorghum,,,,,,
2023-12-31,Kitui,White Sorghum,sorghum,,,,,,
2023-12-31,Kwale,Green Maize,maize,,,,,,
2023-12-31,Meru,Beans Rosecoco,beans,,,,,,
2023-12-31,Meru,Green Maize,maize,,,,,,
2023-12-31,Meru,Red Sorghum,sorghum,,,,,,
2023-12-31,Meru,White Sorghum,sorghum,,,,,,
2023-12-31,Migori,Beans Rosecoco,beans,,,,,,
2023-12-31,Migori,Green Maize,maize,,,,,,
2023-12-31,Migori,Red Sorghum,sorghum,,,,,,
2023-12-31,Migori,White Sorghum,sorghum,,,,,,
2023-12-31,Muranga,Green Maize,maize,,,,,,
2023-12-31,Muranga,White Sorghum,sorghum,,,,,,
2023-12-31,Nairobi,Beans Rosecoco,beans,,,,,,
2023-12-31,Nairobi,Green Maize,maize,,,,,,
2023-12-31,Nairobi,Red Sorghum,sorghum,,,,,,
2023-12-31,Nakuru,Beans Rosecoco,beans,,,,,,
2023-12-31,Nakuru,Green Maize,maize,,,,,,
2023-12-31,Nakuru,Red Sorghum,sorghum,,,,,,
2023-12-31,Nakuru,White Sorghum,sorghum,,,,,,
2023-12-31,Nandi,Beans Rosecoco,beans,,,,,,
2023-12-31,Nandi,Green Maize,maize,,,,,,
2023-12-31,Nandi,Red Sorghum,sorghum,,,,,,
2023-12-31,Nyamira,Beans Rosecoco,beans,,,,,,
2023-12-31,Nyamira,Green Maize,maize,,,,,,
2023-12-31,Nyamira,Red Sorghum,sorghum,,,,,,
2023-12-31,Nyamira,White Sorghum,sorghum,,,,,,
2023-12-31,Nyandarua,Beans Rosecoco,beans,,,,,,
2023-12-31,Nyeri,Beans Rosecoco,beans,,,,,,
2023-12-31,Nyeri,Green Maize,maize,,,,,,
2023-12-31,Nyeri,Red Sorghum,sorghum,,,,,,
2023-12-31,Nyeri,White Sorghum,sorghum,,,,,,
2023-12-31,Siaya,Beans Rosecoco,beans,,,,,,
2023-12-31,Siaya,Red Sorghum,sorghum,,,,,,
2023-12-31,Taita-Taveta,Green Maize,maize,,,,,,
2023-12-31,Tharaka-Nithi,Beans Rosecoco,beans,,,,,,
2023-12-31,Tharaka-Nithi,Green Maize,maize,,,,,,
2023-12-31,Tharaka-Nithi,Red Sorghum,sorghum,,,,,,
2023-12-31,Tharaka-Nithi,White Sorghum,sorghum,,,,,,
2023-12-31,Trans-Nzoia,Beans Rosecoco,beans,,,,,,
2023-12-31,Trans-Nzoia,Green Maize,maize,,,,,,
2023-12-31,Trans-Nzoia,Red Sorghum,sorghum,,,,,,
2023-12-31,Vihiga,Red Sorghum,sorghum,,,,,,
2024-01-31,Bungoma,Beans Rosecoco,beans,,,,,,
2024-01-31,Bungoma,Red Sorghum,sorghum,,,,,,
2024-01-31,Busia,Beans Rosecoco,beans,,,,,,
2024-01-31,Embu,Beans Rosecoco,beans,,,,,,
2024-01-31,Embu,Green Maize,maize,,,,,,
2024-01-31,Embu,Red Sorghum,sorghum,,,,,,
2024-01-31,Embu,White Sorghum,sorghum,,,,,,
2024-01-31,Kakamega,Beans Rosecoco,beans,,,,,,
2024-01-31,Kakamega,Red Sorghum,sorghum,,,,,,
2024-01-31,Kericho,Beans Rosecoco,beans,,,,,,
2024-01-31,Kirinyaga,Beans Rosecoco,beans,,,,,,
2024-01-31,Kirinyaga,Green Maize,maize,,,,,,
2024-01-31,Kirinyaga,Red Sorghum,sorghum,,,,,,
2024-01-31,Kirinyaga,White Sorghum,sorghum,,,,,,
2024-01-31,Kisii,Beans Rosecoco,beans,,,,,,
2024-01-31,Kisii,Green Maize,maize,,,,,,
2024-01-31,Kisii,Red Sorghum,sorghum,,,,,,
2024-01-31,Kisumu,Beans Rosecoco,beans,,,,,,
2024-01-31,Kisumu,Green Maize,maize,,,,,,
2024-01-31,Kisumu,Red Sorghum,sorghum,,,,,,
2024-01-31,Kitui,Beans Rosecoco,beans,,,,,,
2024-01-31,Kitui,Red Sorghum,sorghum,,,,,,
2024-01-31,Kitui,White Sorghum,sorghum,,,,,,
2024-01-31,Kwale,Green Maize,maize,,,,,,
2024-01-31,Meru,Beans Rosecoco,beans,,,,,,
2024-01-31,Meru,Green Maize,maize,,,,,,
2024-01-31,Meru,Red Sorghum,sorghum,,,,,,
2024-01-31,Meru,White Sorghum,sorghum,,,,,,
2024-01-31,Migori,Beans Rosecoco,beans,,,,,,
2024-01-31,Migori,Green Maize,maize,,,,,,
2024-01-31,Migori,Red Sorghum,sorghum,,,,,,
2024-01-31,Muranga,Green Maize,maize,,,,,,
2024-01-31,Nairobi,Beans Rosecoco,beans,,,,,,
2024-01-31,Nairobi,Green Maize,maize,,,,,,
2024-01-31,Nairobi,Red Sorghum,sorghum,,,,,,
2024-01-31,Nairobi,White Sorghum,sorghum,,,,,,
2024-01-31,Nakuru,Beans Rosecoco,beans,,,,,,
2024-01-31,Nakuru,Green Maize,maize,,,,,,
2024-01-31,Nakuru,Red Sorghum,sorghum,,,,,,
2024-01-31,Nakuru,White Sorghum,sorghum,,,,,,
2024-01-31,Nandi,Beans Rosecoco,beans,,,,,,
2024-01-31,Nandi,Green Maize,maize,,,,,,
2024-01-31,Nandi,Red Sorghum,sorghum,,,,,,
2024-01-31,Nandi,White Sorghum,sorghum,,,,,,
2024-01-31,Nyamira,Beans Rosecoco,beans,,,,,,
2024-01-31,Nyamira,Green Maize,maize,,,,,,
2024-01-31,Nyamira,Red Sorghum,sorghum,,,,,,
2024-01-31,Nyeri,Green Maize,maize,,,,,,
2024-01-31,Nyeri,Red Sorghum,sorghum,,,,,,
2024-01-31,Samburu,Beans Rosecoco,beans,,,,,,
2024-01-31,Siaya,Beans Rosecoco,beans,,,,,,
2024-01-31,Siaya,Red Sorghum,sorghum,,,,,,
2024-01-31,Taita-Taveta,Green Maize,maize,,,,,,
2024-01-31,Tharaka-Nithi,Beans Rosecoco,beans,,,,,,
2024-01-31,Tharaka-Nithi,Green Maize,maize,,,,,,
2024-01-31,Tharaka-Nithi,Red Sorghum,sorghum,,,,,,
2024-01-31,Tharaka-Nithi,White Sorghum,sorghum,,,,,,
2024-01-31,Trans-Nzoia,Beans Rosecoco,beans,,,,,,
2024-01-31,Trans-Nzoia,Green Maize,maize,,,,,,
2024-01-31,Trans-Nzoia,Red Sorghum,sorghum,,,,,,
2024-01-31,Vihiga,Beans Rosecoco,beans,,,,,,
2024-01-31,Vihiga,Red Sorghum,sorghum,,,,,,
2024-02-29,Bungoma,Beans Rosecoco,beans,,,,,,
2024-02-29,Bungoma,Red Sorghum,sorghum,,,,,,
2024-02-29,Busia,Beans Rosecoco,beans,,,,,,
2024-02-29,Busia,Red Sorghum,sorghum,,,,,,
2024-02-29,Embu,Green Maize,maize,,,,,,
2024-02-29,Kakamega,Beans Rosecoco,beans,,,,,,
2024-02-29,Kakamega,Red Sorghum,sorghum,,,,,,
2024-02-29,Kericho,Beans Rosecoco,beans,,,,,,
2024-02-29,Kirinyaga,Beans Rosecoco,beans,,,,,,
2024-02-29,Kirinyaga,Green Maize,maize,,,,,,
2024-02-29,Kirinyaga,Red Sorghum,sorghum,,,,,,
2024-02-29,Kirinyaga,White Sorghum,sorghum,,,,,,
2024-02-29,Kisii,Beans Rosecoco,beans,,,,,,
2024-02-29,Kisii,Green Maize,maize,,,,,,
2024-02-29,Kisii,Red Sorghum,sorghum,,,,,,
2024-02-29,Kitui,Beans Rosecoco,beans,,,,,,
2024-02-29,Kitui,Green Maize,maize,,,,,,
2024-02-29,Kitui,Red Sorghum,sorghum,,,,,,
2024-02-29,Kitui,White Sorghum,sorghum,,,,,,
2024-02-29,Kwale,Green Maize,maize,,,,,,
2024-02-29,Meru,Beans Rosecoco,beans,,,,,,
2024-02-29,Meru,Green Maize,maize,,,,,,
2024-02-29,Meru,Red Sorghum,sorghum,,,,,,
2024-02-29,Meru,White Sorghum,sorghum,,,,,,
2024-02-29,Migori,Beans Rosecoco,beans,,,,,,
2024-02-29,Migori,Red Sorghum,sorghum,,,,,,
2024-02-29,Nairobi,Beans Rosecoco,beans,,,,,,
2024-02-29,Nairobi,Green Maize,maize,,,,,,
2024-02-29,Nairobi,Red Sorghum,sorghum,,,,,,
2024-02-29,Nairobi,White Sorghum,sorghum,,,,,,
2024-02-29,Nakuru,Beans Rosecoco,beans,,,,,,
2024-02-29,Nakuru,Green Maize,maize,,,,,,
2024-02-29,Nakuru,Red Sorghum,sorghum,,,,,,
2024-02-29,Nakuru,White Sorghum,sorghum,,,,,,
2024-02-29,Nandi,Beans Rosecoco,beans,,,,,,
2024-02-29,Nandi,Green Maize,maize,,,,,,
2024-02-29,Nandi,Red Sorghum,sorghum,,,,,,
2024-02-29,Nandi,White Sorghum,sorghum,,,,,,
2024-02-29,Nyamira,Beans Rosecoco,beans,,,,,,
2024-02-29,Nyamira,Green Maize,maize,,,,,,
2024-02-29,Nyamira,Red Sorghum,sorghum,,,,,,
2024-02-29,Nyeri,Beans Rosecoco,beans,,,,,,
2024-02-29,Nyeri,Green Maize,maize,,,,,,
2024-02-29,Nyeri,Red Sorghum,sorghum,,,,,,
2024-02-29,Nyeri,White Sorghum,sorghum,,,,,,
2024-02-29,Siaya,Beans Rosecoco,beans,,,,,,
2024-02-29,Siaya,Red Sorghum,sorghum,,,,,,
2024-02-29,Taita-Taveta,Green Maize,maize,,,,,,
2024-02-29,Tharaka-Nithi,Beans Rosecoco,beans,,,,,,
2024-02-29,Tharaka-Nithi,Green Maize,maize,,,,,,
2024-02-29,Tharaka-Nithi,Red Sorghum,sorghum,,,,,,
2024-02-29,Tharaka-Nithi,White Sorghum,sorghum,,,,,,
2024-02-29,Trans-Nzoia,Beans Rosecoco,beans,,,,,,
2024-02-29,Trans-Nzoia,Green Maize,maize,,,,,,
2024-02-29,Trans-Nzoia,Red Sorghum,sorghum,,,,,,
2024-02-29,Wajir,Green Maize,maize,,,,,,
2024-03-31,Bomet,Red Sorghum,sorghum,,,,,,
2024-03-31,Bungoma,Beans Rosecoco,beans,,,,,,
2024-03-31,Bungoma,Green Maize,maize,,,,,,
2024-03-31,Bungoma,Red Sorghum,sorghum,,,,,,
2024-03-31,Bungoma,White Sorghum,sorghum,,,,,,
2024-03-31,Busia,Beans Rosecoco,beans,,,,,,
2024-03-31,Kirinyaga,Beans Rosecoco,beans,,,,,,
2024-03-31,Kirinyaga,Green Maize,maize,,,,,,
2024-03-31,Kirinyaga,Red Sorghum,sorghum,,,,,,
2024-03-31,Kirinyaga,White Sorghum,sorghum,,,,,,
2024-03-31,Kisii,Beans Rosecoco,beans,,,,,,
2024-03-31,Kisii,Red Sorghum,sorghum,,,,,,
2024-03-31,Kisumu,Beans Rosecoco,beans,,,,,,
2024-03-31,Kisumu,Green Maize,maize,,,,,,
2024-03-31,Kisumu,Red Sorghum,sorghum,,,,,,
2024-03-31,Kisumu,White Sorghum,sorghum,,,,,,
2024-03-31,Kitui,Beans Rosecoco,beans,,,,,,
2024-03-31,Kitui,Green Maize,maize,,,,,,
2024-03-31,Kitui,Red Sorghum,sorghum,,,,,,
2024-03-31,Kitui,White Sorghum,sorghum,,,,,,
2024-03-31,Kwale,Beans Rosecoco,beans,,,,,,
2024-03-31,Makueni,Green Maize,maize,,,,,,
2024-03-31,Meru,Beans Rosecoco,beans,,,,,,
2024-03-31,Meru,Green Maize,maize,,,,,,
2024-03-31,Meru,Red Sorghum,sorghum,,,,,,
2024-03-31,Meru,White Sorghum,sorghum,,,,,,
2024-03-31,Migori,Beans Rosecoco,beans,,,,,,
2024-03-31,Migori,Red Sorghum,sorghum,,,,,,
2024-03-31,Muranga,Green Maize,maize,,,,,,
2024-03-31,Nairobi,Beans Rosecoco,beans,,,,,,
2024-03-31,Nairobi,Green Maize,maize,,,,,,
2024-03-31,Nairobi,Red Sorghum,sorghum,,,,,,
2024-03-31,Nairobi,White Sorghum,sorghum,,,,,,
2024-03-31,Nakuru,Beans Rosecoco,beans,,,,,,
2024-03-31,Nakuru,Green Maize,maize,,,,,,
2024-03-31,Nakuru,Red Sorghum,sorghum,,,,,,
2024-03-31,Nakuru,White Sorghum,sorghum,,,,,,
2024-03-31,Nandi,Beans Rosecoco,beans,,,,,,
2024-03-31,Nandi,Green Maize,maize,,,,,,
2024-03-31,Nandi,Red Sorghum,sorghum,,,,,,
2024-03-31,Nandi,White Sorghum,sorghum,,,,,,
2024-03-31,Nyamira,Beans Rosecoco,beans,,,,,,
2024-03-31,Nyamira,Green Maize,maize,,,,,,
2024-03-31,Nyamira,Red Sorghum,sorghum,,,,,,
2024-03-31,Nyeri,Beans Rosecoco,beans,,,,,,
2024-03-31,Nyeri,Green Maize,maize,,,,,,
2024-03-31,Nyeri,Red Sorghum,sorghum,,,,,,
2024-03-31,Nyeri,White Sorghum,sorghum,,,,,,
2024-03-31,Samburu,Beans Rosecoco,beans,,,,,,
2024-03-31,Samburu,Red Sorghum,sorghum,,,,,,
2024-03-31,Samburu,White Sorghum,sorghum,,,,,,
2024-03-31,Siaya,Beans Rosecoco,beans,,,,,,
2024-03-31,Siaya,Red Sorghum,sorghum,,,,,,
2024-03-31,Taita-Taveta,Beans Rosecoco,beans,,,,,,
2024-03-31,Taita-Taveta,Green Maize,maize,,,,,,
2024-03-31,Tharaka-Nithi,Beans Rosecoco,beans,,,,,,
2024-03-31,Tharaka-Nithi,Green Maize,maize,,,,,,
2024-03-31,Tharaka-Nithi,Red Sorghum,sorghum,,,,,,
2024-03-31,Tharaka-Nithi,White Sorghum,sorghum,,,,,,
2024-03-31,Trans-Nzoia,Beans Rosecoco,beans,,,,,,
2024-03-31,Trans-Nzoia,Green Maize,maize,,,,,,
2024-03-31,Trans-Nzoia,Red Sorghum,sorghum,,,,,,
2024-03-31,Uasin-Gishu,Red Sorghum,sorghum,,,,,,
2024-03-31,Vihiga,Beans Rosecoco,beans,,,,,,
2024-04-30,Bomet,Beans Rosecoco,beans,,,,,,
2024-04-30,Bomet,Dry Maize,maize,,,,,,
2024-04-30,Bomet,Green Maize,maize,,,,,,
2024-04-30,Bomet,Red Sorghum,sorghum,,,,,,
2024-04-30,Busia,Beans Rosecoco,beans,,,,,,
2024-04-30,Busia,Dry Maize,maize,,,,,,
2024-04-30,Busia,Green Maize,maize,,,,,,
2024-04-30,Kirinyaga,Beans Rosecoco,beans,,,,,,
2024-04-30,Kirinyaga,Dry Maize,maize,,,,,,
2024-04-30,Kirinyaga,Green Maize,maize,,,,,,
2024-04-30,Kirinyaga,Red Sorghum,sorghum,,,,,,
2024-04-30,Kisii,Beans Rosecoco,beans,,,,,,
2024-04-30,Kisii,Dry Maize,maize,,,,,,
2024-04-30,Kisii,Green Maize,maize,,,,,,
2024-04-30,Kisii,Red Sorghum,sorghum,,,,,,
2024-04-30,Kisumu,Beans Rosecoco,beans,,,,,,
2024-04-30,Kisumu,Dry Maize,maize,,,,,,
2024-04-30,Kisumu,Green Maize,maize,,,,,,
2024-04-30,Kisumu,Red Sorghum,sorghum,,,,,,
2024-04-30,Kitui,Beans Rosecoco,beans,,,,,,
2024-04-30,Kitui,Dry Maize,maize,,,,,,
2024-04-30,Kitui,Green Maize,maize,,,,,,
2024-04-30,Kitui,Red Sorghum,sorghum,,,,,,
2024-04-30,Kitui,White Sorghum,sorghum,,,,,,
2024-04-30,Makueni,Dry Maize,maize,,,,,,
2024-04-30,Meru,Beans Rosecoco,beans,,,,,,
2024-04-30,Meru,Dry Maize,maize,,,,,,
2024-04-30,Meru,Green Maize,maize,,,,,,
2024-04-30,Meru,Red Sorghum,sorghum,,,,,,
2024-04-30,Meru,White Sorghum,sorghum,,,,,,
2024-04-30,Migori,Beans Rosecoco,beans,,,,,,
2024-04-30,Migori,Dry Maize,maize,,,,,,
2024-04-30,Migori,Green Maize,maize,,,,,,
2024-04-30,Migori,Red Sorghum,sorghum,,,,,,
2024-04-30,Muranga,Beans Rosecoco,beans,,,,,,
2024-04-30,Muranga,Dry Maize,maize,,,,,,
2024-04-30,Muranga,Green Maize,maize,,,,,,
2024-04-30,Muranga,Red Sorghum,sorghum,,,,,,
2024-04-30,Muranga,White Sorghum,sorghum,,,,,,
2024-04-30,Nairobi,Beans Rosecoco,beans,,,,,,
2024-04-30,Nairobi,Dry Maize,maize,,,,,,
2024-04-30,Nairobi,Green Maize,maize,,,,,,
2024-04-30,Nairobi,Red Sorghum,sorghum,,,,,,
2024-04-30,Nairobi,White Sorghum,sorghum,,,,,,
2024-04-30,Nakuru,Beans Rosecoco,beans,,,,,,
2024-04-30,Nakuru,Dry Maize,maize,,,,,,
2024-04-30,Nakuru,Green Maize,maize,,,,,,
2024-04-30,Nakuru,Red Sorghum,sorghum,,,,,,
2024-04-30,Nakuru,White Sorghum,sorghum,,,,,,
2024-04-30,Nandi,Beans Rosecoco,beans,,,,,,
2024-04-30,Nandi,Dry Maize,maize,,,,,,
2024-04-30,Nandi,Green Maize,maize,,,,,,
2024-04-30,Nandi,Red Sorghum,sorghum,,,,,,
2024-04-30,Nandi,White Sorghum,sorghum,,,,,,
2024-04-30,Nyamira,Beans Rosecoco,beans,,,,,,
2024-04-30,Nyamira,Dry Maize,maize,,,,,,
2024-04-30,Nyamira,Green Maize,maize,,,,,,
2024-04-30,Nyamira,Red Sorghum,sorghum,,,,,,
2024-04-30,Nyeri,Beans Rosecoco,beans,,,,,,
2024-04-30,Nyeri,Dry Maize,maize,,,,,,
2024-04-30,Nyeri,Green Maize,maize,,,,,,
2024-04-30,Nyeri,Red Sorghum,sorghum,,,,,,
2024-04-30,Taita-Taveta,Beans Rosecoco,beans,,,,,,
2024-04-30,Taita-Taveta,Dry Maize,maize,,,,,,
2024-04-30,Taita-Taveta,White Sorghum,sorghum,,,,,,
2024-04-30,Tharaka-Nithi,Beans Rosecoco,beans,,,,,,
2024-04-30,Tharaka-Nithi,Dry Maize,maize,,,,,,
2024-04-30,Tharaka-Nithi,Green Maize,maize,,,,,,
2024-04-30,Tharaka-Nithi,Red Sorghum,sorghum,,,,,,
2024-04-30,Tharaka-Nithi,White Sorghum,sorghum,,,,,,
2024-04-30,Trans-Nzoia,Beans Rosecoco,beans,,,,,,
2024-04-30,Trans-Nzoia,Dry Maize,maize,,,,,,
2024-04-30,Trans-Nzoia,Green Maize,maize,,,,,,
2024-04-30,Trans-Nzoia,Red Sorghum,sorghum,,,,,,
2024-04-30,Uasin-Gishu,Red Sorghum,sorghum,,,,,,
2024-05-31,Bomet,Beans Rosecoco,beans,,,,,,
2024-05-31,Bomet,Dry Maize,maize,,,,,,
2024-05-31,Bomet,Red Sorghum,sorghum,,,,,,
2024-05-31,Bungoma,Beans Rosecoco,beans,,,,,,
2024-05-31,Bungoma,Dry Maize,maize,,,,,,
2024-05-31,Bungoma,Green Maize,maize,,,,,,
2024-05-31,Kilifi,Green Maize,maize,,,,,,
2024-05-31,Kirinyaga,Beans Rosecoco,beans,,,,,,
2024-05-31,Kirinyaga,Dry Maize,maize,,,,,,
2024-05-31,Kirinyaga,Green Maize,maize,,,,,,
2024-05-31,Kirinyaga,Red Sorghum,sorghum,,,,,,
2024-05-31,Kisumu,Beans Rosecoco,beans,,,,,,
2024-05-31,Kisumu,Dry Maize,maize,,,,,,
2024-05-31,Kisumu,Green Maize,maize,,,,,,
2024-05-31,Kisumu,Red Sorghum,sorghum,,,,,,
2024-05-31,Kitui,Beans Rosecoco,beans,,,,,,
2024-05-31,Kitui,Dry Maize,maize,,,,,,
2024-05-31,Kitui,Green Maize,maize,,,,,,
2024-05-31,Kitui,Red Sorghum,sorghum,,,,,,
2024-05-31,Kitui,White Sorghum,sorghum,,,,,,
2024-05-31,Kwale,Green Maize,maize,,,,,,
2024-05-31,Makueni,Beans Rosecoco,beans,,,,,,
2024-05-31,Makueni,Dry Maize,maize,,,,,,
2024-05-31,Makueni,Red Sorghum,sorghum,,,,,,
2024-05-31,Meru,Beans Rosecoco,beans,,,,,,
2024-05-31,Meru,Dry Maize,maize,,,,,,
2024-05-31,Meru,Green Maize,maize,,,,,,
2024-05-31,Meru,Red Sorghum,sorghum,,,,,,
2024-05-31,Meru,White Sorghum,sorghum,,,,,,
2024-05-31,Migori,Beans Rosecoco,beans,,,,,,
2024-05-31,Migori,Dry Maize,maize,,,,,,
2024-05-31,Migori,Green Maize,maize,,,,,,
2024-05-31,Migori,Red Sorghum,sorghum,,,,,,
2024-05-31,Migori,White Sorghum,sorghum,,,,,,
2024-05-31,Muranga,Beans Rosecoco,beans,,,,,,
2024-05-31,Muranga,Dry Maize,maize,,,,,,
2024-05-31,Muranga,Green Maize,maize,,,,,,
2024-05-31,Muranga,Red Sorghum,sorghum,,,,,,
2024-05-31,Muranga,White Sorghum,sorghum,,,,,,
2024-05-31,Nairobi,Beans Rosecoco,beans,,,,,,
2024-05-31,Nairobi,Dry Maize,maize,,,,,,
2024-05-31,Nairobi,Green Maize,maize,,,,,,
2024-05-31,Nairobi,Red Sorghum,sorghum,,,,,,
2024-05-31,Nairobi,White Sorghum,sorghum,,,,,,
2024-05-31,Nakuru,Beans Rosecoco,beans,,,,,,
2024-05-31,Nakuru,Dry Maize,maize,,,,,,
2024-05-31,Nakuru,Green Maize,maize,,,,,,
2024-05-31,Nakuru,Red Sorghum,sorghum,,,,,,
2024-05-31,Nakuru,White Sorghum,sorghum,,,,,,
2024-05-31,Nandi,Beans Rosecoco,beans,,,,,,
2024-05-31,Nandi,Dry Maize,maize,,,,,,
2024-05-31,Nandi,Green Maize,maize,,,,,,
2024-05-31,Nandi,Red Sorghum,sorghum,,,,,,
2024-05-31,Nandi,White Sorghum,sorghum,,,,,,
2024-05-31,Nyamira,Beans Rosecoco,beans,,,,,,
2024-05-31,Nyamira,Dry Maize,maize,,,,,,
2024-05-31,Nyamira,Green Maize,maize,,,,,,
2024-05-31,Nyamira,Red Sorghum,sorghum,,,,,,
2024-05-31,Nyeri,Dry Maize,maize,,,,,,
2024-05-31,Nyeri,Green Maize,maize,,,,,,
2024-05-31,Nyeri,Red Sorghum,sorghum,,,,,,
2024-05-31,Nyeri,White Sorghum,sorghum,,,,,,
2024-05-31,Taita-Taveta,Dry Maize,maize,,,,,,
2024-05-31,Taita-Taveta,Green Maize,maize,,,,,,
2024-05-31,Tharaka-Nithi,Beans Rosecoco,beans,,,,,,
2024-05-31,Tharaka-Nithi,Dry Maize,maize,,,,,,
2024-05-31,Tharaka-Nithi,Green Maize,maize,,,,,,
2024-05-31,Tharaka-Nithi,Red Sorghum,sorghum,,,,,,
2024-05-31,Tharaka-Nithi,White Sorghum,sorghum,,,,,,
2024-05-31,Trans-Nzoia,Beans Rosecoco,beans,,,,,,
2024-05-31,Trans-Nzoia,Dry Maize,maize,,,,,,
2024-05-31,Trans-Nzoia,Green Maize,maize,,,,,,
2024-05-31,Trans-Nzoia,Red Sorghum,sorghum,,,,,,
2024-05-31,Uasin-Gishu,Dry Maize,maize,,,,,,
2024-05-31,Uasin-Gishu,Red Sorghum,sorghum,,,,,,
2024-05-31,Vihiga,Beans Rosecoco,beans,,,,,,
2024-05-31,Vihiga,Dry Maize,maize,,,,,,
2024-05-31,Vihiga,Green Maize,maize,,,,,,
2024-05-31,Vihiga,Red Sorghum,sorghum,,,,,,
2024-05-31,Vihiga,White Sorghum,sorghum,,,,,,
2024-06-30,Bomet,Beans Rosecoco,beans,,,,,,
2024-06-30,Bomet,Dry Maize,maize,,,,,,
2024-06-30,Bomet,Green Maize,maize,,,,,,
2024-06-30,Bomet,Red Sorghum,sorghum,,,,,,
2024-06-30,Bungoma,Beans Rosecoco,beans,,,,,,
2024-06-30,Bungoma,Dry Maize,maize,,,,,,
2024-06-30,Bungoma,Green Maize,maize,,,,,,
2024-06-30,Bungoma,Red Sorghum,sorghum,,,,,,
2024-06-30,Kilifi,Green Maize,maize,,,,,,
2024-06-30,Kirinyaga,Beans Rosecoco,beans,,,,,,
2024-06-30,Kirinyaga,Dry Maize,maize,,,,,,
2024-06-30,Kirinyaga,Green Maize,maize,,,,,,
2024-06-30,Kirinyaga,Red Sorghum,sorghum,,,,,,
2024-06-30,Kirinyaga,White Sorghum,sorghum,,,,,,
2024-06-30,Kisii,Dry Maize,maize,,,,,,
2024-06-30,Kisii,Red Sorghum,sorghum,,,,,,
2024-06-30,Kisumu,Beans Rosecoco,beans,,,,,,
2024-06-30,Kisumu,Dry Maize,maize,,,,,,
2024-06-30,Kisumu,Green Maize,maize,,,,,,
2024-06-30,Kisumu,Red Sorghum,sorghum,,,,,,
2024-06-30,Kitui,Beans Rosecoco,beans,,,,,,
2024-06-30,Kitui,Dry Maize,maize,,,,,,
2024-06-30,Kitui,Green Maize,maize,,,,,,
2024-06-30,Kitui,Red Sorghum,sorghum,,,,,,
2024-06-30,Kitui,White Sorghum,sorghum,,,,,,
2024-06-30,Kwale,Dry Maize,maize,,,,,,
2024-06-30,Kwale,Green Maize,maize,,,,,,
2024-06-30,Makueni,Dry Maize,maize,,,,,,
2024-06-30,Makueni,Red Sorghum,sorghum,,,,,,
2024-06-30,Meru,Beans Rosecoco,beans,,,,,,
2024-06-30,Meru,Dry Maize,maize,,,,,,
2024-06-30,Meru,Green Maize,maize,,,,,,
2024-06-30,Meru,Red Sorghum,sorghum,,,,,,
2024-06-30,Meru,White Sorghum,sorghum,,,,,,
2024-06-30,Migori,Beans Rosecoco,beans,,,,,,
2024-06-30,Migori,Dry Maize,maize,,,,,,
2024-06-30,Migori,Green Maize,maize,,,,,,
2024-06-30,Migori,Red Sorghum,sorghum,,,,,,
2024-06-30,Muranga,Beans Rosecoco,beans,,,,,,
2024-06-30,Muranga,Dry Maize,maize,,,,,,
2024-06-30,Muranga,Green Maize,maize,,,,,,
2024-06-30,Muranga,Red Sorghum,sorghum,,,,,,
2024-06-30,Muranga,White Sorghum,sorghum,,,,,,
2024-06-30,Nairobi,Beans Rosecoco,beans,,,,,,
2024-06-30,Nairobi,Dry Maize,maize,,,,,,
2024-06-30,Nairobi,Green Maize,maize,,,,,,
2024-06-30,Nairobi,Red Sorghum,sorghum,,,,,,
2024-06-30,Nairobi,White Sorghum,sorghum,,,,,,
2024-06-30,Nakuru,Beans Rosecoco,beans,,,,,,
2024-06-30,Nakuru,Dry Maize,maize,,,,,,
2024-06-30,Nakuru,Green Maize,maize,,,,,,
2024-06-30,Nakuru,Red Sorghum,sorghum,,,,,,
2024-06-30,Nandi,Beans Rosecoco,beans,,,,,,
2024-06-30,Nandi,Dry Maize,maize,,,,,,
2024-06-30,Nandi,Green Maize,maize,,,,,,
2024-06-30,Nandi,Red Sorghum,sorghum,,,,,,
2024-06-30,Nandi,White Sorghum,sorghum,,,,,,
2024-06-30,Siaya,Beans Rosecoco,beans,,,,,,
2024-06-30,Siaya,Dry Maize,maize,,,,,,
2024-06-30,Siaya,Green Maize,maize,,,,,,
2024-06-30,Siaya,Red Sorghum,sorghum,,,,,,
2024-06-30,Taita-Taveta,Dry Maize,maize,,,,,,
2024-06-30,Taita-Taveta,Green Maize,maize,,,,,,
2024-06-30,Taita-Taveta,Red Sorghum,sorghum,,,,,,
2024-06-30,Tharaka-Nithi,Beans Rosecoco,beans,,,,,,
2024-06-30,Tharaka-Nithi,Dry Maize,maize,,,,,,
2024-06-30,Tharaka-Nithi,Green Maize,maize,,,,,,
2024-06-30,Tharaka-Nithi,Red Sorghum,sorghum,,,,,,
2024-06-30,Tharaka-Nithi,White Sorghum,sorghum,,,,,,
2024-06-30,Trans-Nzoia,Beans Rosecoco,beans,,,,,,
2024-06-30,Trans-Nzoia,Dry Maize,maize,,,,,,
2024-06-30,Trans-Nzoia,Green Maize,maize,,,,,,
2024-06-30,Trans-Nzoia,Red Sorghum,sorghum,,,,,,
2024-06-30,Uasin-Gishu,Dry Maize,maize,,,,,,
2024-06-30,Uasin-Gishu,Red Sorghum,sorghum,,,,,,
2024-06-30,Uasin-Gishu,White Sorghum,sorghum,,,,,,
2024-06-30,Vihiga,Beans Rosecoco,beans,,,,,,
2024-06-30,Vihiga,Dry Maize,maize,,,,,,
2024-06-30,Vihiga,Green Maize,maize,,,,,,
2024-06-30,Vihiga,Red Sorghum,sorghum,,,,,,
2024-06-30,Vihiga,White Sorghum,sorghum,,,,,,
2024-07-31,Bomet,Beans Rosecoco,beans,,,,,,
2024-07-31,Bomet,Dry Maize,maize,,,,,,
2024-07-31,Bomet,Green Maize,maize,,,,,,
2024-07-31,Bomet,Red Sorghum,sorghum,,,,,,
2024-07-31,Bungoma,Beans Rosecoco,beans,,,,,,
2024-07-31,Bungoma,Dry Maize,maize,,,,,,
2024-07-31,Bungoma,Green Maize,maize,,,,,,
2024-07-31,Bungoma,Red Sorghum,sorghum,,,,,,
2024-07-31,Busia,Dry Maize,maize,,,,,,
2024-07-31,Kakamega,Beans Rosecoco,beans,,,,,,
2024-07-31,Kakamega,Dry Maize,maize,,,,,,
2024-07-31,Kakamega,Red Sorghum,sorghum,,,,,,
2024-07-31,Kakamega,White Sorghum,sorghum,,,,,,
2024-07-31,Kilifi,Green Maize,maize,,,,,,
2024-07-31,Kirinyaga,Beans Rosecoco,beans,,,,,,
2024-07-31,Kirinyaga,Dry Maize,maize,,,,,,
2024-07-31,Kirinyaga,Green Maize,maize,,,,,,
2024-07-31,Kirinyaga,Red Sorghum,sorghum,,,,,,
2024-07-31,Kisii,Beans Rosecoco,beans,,,,,,
2024-07-31,Kisii,Dry Maize,maize,,,,,,
2024-07-31,Kisumu,Beans Rosecoco,beans,,,,,,
2024-07-31,Kisumu,Dry Maize,maize,,,,,,
2024-07-31,Kisumu,Green Maize,maize,,,,,,
2024-07-31,Kisumu,Red Sorghum,sorghum,,,,,,
2024-07-31,Kitui,Beans Rosecoco,beans,,,,,,
2024-07-31,Kitui,Dry Maize,maize,,,,,,
2024-07-31,Kitui,Green Maize,maize,,,,,,
2024-07-31,Kitui,Red Sorghum,sorghum,,,,,,
2024-07-31,Kitui,White Sorghum,sorghum,,,,,,
2024-07-31,Kwale,Green Maize,maize,,,,,,
2024-07-31,Makueni,Dry Maize,maize,,,,,,
2024-07-31,Makueni,Red Sorghum,sorghum,,,,,,
2024-07-31,Meru,Beans Rosecoco,beans,,,,,,
2024-07-31,Meru,Dry Maize,maize,,,,,,
2024-07-31,Meru,Green Maize,maize,,,,,,
2024-07-31,Meru,Red Sorghum,sorghum,,,,,,
2024-07-31,Meru,White Sorghum,sorghum,,,,,,
2024-07-31,Migori,Beans Rosecoco,beans,,,,,,
2024-07-31,Migori,Dry Maize,maize,,,,,,
2024-07-31,Migori,Green Maize,maize,,,,,,
2024-07-31,Migori,Red Sorghum,sorghum,,,,,,
2024-07-31,Muranga,Beans Rosecoco,beans,,,,,,
2024-07-31,Muranga,Dry Maize,maize,,,,,,
2024-07-31,Muranga,Green Maize,maize,,,,,,
2024-07-31,Muranga,Red Sorghum,sorghum,,,,,,
2024-07-31,Muranga,White Sorghum,sorghum,,,,,,
2024-07-31,Nairobi,Beans Rosecoco,beans,,,,,,
2024-07-31,Nairobi,Dry Maize,maize,,,,,,
2024-07-31,Nairobi,Green Maize,maize,,,,,,
2024-07-31,Nairobi,Red Sorghum,sorghum,,,,,,
2024-07-31,Nairobi,White Sorghum,sorghum,,,,,,
2024-07-31,Nakuru,Beans Rosecoco,beans,,,,,,
2024-07-31,Nakuru,Dry Maize,maize,,,,,,
2024-07-31,Nakuru,Green Maize,maize,,,,,,
2024-07-31,Nakuru,Red Sorghum,sorghum,,,,,,
2024-07-31,Nandi,Beans Rosecoco,beans,,,,,,
2024-07-31,Nandi,Dry Maize,maize,,,,,,
2024-07-31,Nandi,Green Maize,maize,,,,,,
2024-07-31,Nandi,Red Sorghum,sorghum,,,,,,
2024-07-31,Nandi,White Sorghum,sorghum,,,,,,
2024-07-31,Nyamira,Beans Rosecoco,beans,,,,,,
2024-07-31,Nyamira,Dry Maize,maize,,,,,,
2024-07-31,Nyamira,Green Maize,maize,,,,,,
2024-07-31,Nyamira,Red Sorghum,sorghum,,,,,,
2024-07-31,Siaya,Beans Rosecoco,beans,,,,,,
2024-07-31,Siaya,Dry Maize,maize,,,,,,
2024-07-31,Siaya,Green Maize,maize,,,,,,
2024-07-31,Siaya,Red Sorghum,sorghum,,,,,,
2024-07-31,Taita-Taveta,Dry Maize,maize,,,,,,
2024-07-31,Taita-Taveta,Green Maize,maize,,,,,,
2024-07-31,Tharaka-Nithi,Beans Rosecoco,beans,,,,,,
2024-07-31,Tharaka-Nithi,Dry Maize,maize,,,,,,
2024-07-31,Tharaka-Nithi,Green Maize,maize,,,,,,
2024-07-31,Tharaka-Nithi,Red Sorghum,sorghum,,,,,,
2024-07-31,Tharaka-Nithi,White Sorghum,sorghum,,,,,,
2024-07-31,Trans-Nzoia,Beans Rosecoco,beans,,,,,,
2024-07-31,Trans-Nzoia,Dry Maize,maize,,,,,,
2024-07-31,Trans-Nzoia,Green Maize,maize,,,,,,
2024-07-31,Trans-Nzoia,Red Sorghum,sorghum,,,,,,
2024-07-31,Uasin-Gishu,Dry Maize,maize,,,,,,
2024-07-31,Uasin-Gishu,Red Sorghum,sorghum,,,,,,
2024-07-31,Vihiga,Beans Rosecoco,beans,,,,,,
2024-07-31,Vihiga,Dry Maize,maize,,,,,,
2024-07-31,Vihiga,Green Maize,maize,,,,,,
2024-07-31,Vihiga,Red Sorghum,sorghum,,,,,,
2024-07-31,Vihiga,White Sorghum,sorghum,,,,,,
2024-07-31,Wajir,Dry Maize,maize,,,,,,
2024-08-31,Bomet,Beans Rosecoco,beans,,,,,,
2024-08-31,Bomet,Dry Maize,maize,,,,,,
2024-08-31,Bomet,Green Maize,maize,,,,,,
2024-08-31,Bomet,Red Sorghum,sorghum,,,,,,
2024-08-31,Bungoma,Beans Rosecoco,beans,,,,,,
2024-08-31,Bungoma,Dry Maize,maize,,,,,,
2024-08-31,Bungoma,Green Maize,maize,,,,,,
2024-08-31,Bungoma,Red Sorghum,sorghum,,,,,,
2024-08-31,Embu,Dry Maize,maize,,,,,,
2024-08-31,Kakamega,Beans Rosecoco,beans,,,,,,
2024-08-31,Kakamega,Dry Maize,maize,,,,,,
2024-08-31,Kakamega,Green Maize,maize,,,,,,
2024-08-31,Kakamega,Red Sorghum,sorghum,,,,,,
2024-08-31,Kakamega,White Sorghum,sorghum,,,,,,
2024-08-31,Kilifi,Green Maize,maize,,,,,,
2024-08-31,Kirinyaga,Beans Rosecoco,beans,,,,,,
2024-08-31,Kirinyaga,Dry Maize,maize,,,,,,
2024-08-31,Kirinyaga,Green Maize,maize,,,,,,
2024-08-31,Kirinyaga,Red Sorghum,sorghum,,,,,,
2024-08-31,Kisumu,Beans Rosecoco,beans,,,,,,
2024-08-31,Kisumu,Dry Maize,maize,,,,,,
2024-08-31,Kisumu,Green Maize,maize,,,,,,
2024-08-31,Kisumu,Red Sorghum,sorghum,,,,,,
2024-08-31,Kitui,Beans Rosecoco,beans,,,,,,
2024-08-31,Kitui,Dry Maize,maize,,,,,,
2024-08-31,Kitui,Green Maize,maize,,,,,,
2024-08-31,Kitui,Red Sorghum,sorghum,,,,,,
2024-08-31,Kitui,White Sorghum,sorghum,,,,,,
2024-08-31,Kwale,Green Maize,maize,,,,,,
2024-08-31,Makueni,Dry Maize,maize,,,,,,
2024-08-31,Makueni,Red Sorghum,sorghum,,,,,,
2024-08-31,Meru,Beans Rosecoco,beans,,,,,,
2024-08-31,Meru,Dry Maize,maize,,,,,,
2024-08-31,Meru,Green Maize,maize,,,,,,
2024-08-31,Meru,Red Sorghum,sorghum,,,,,,
2024-08-31,Meru,White Sorghum,sorghum,,,,,,
2024-08-31,Migori,Beans Rosecoco,beans,,,,,,
2024-08-31,Migori,Dry Maize,maize,,,,,,
2024-08-31,Migori,Green Maize,maize,,,,,,
2024-08-31,Migori,Red Sorghum,sorghum,,,,,,
2024-08-31,Migori,White Sorghum,sorghum,,,,,,
2024-08-31,Muranga,Beans Rosecoco,beans,,,,,,
2024-08-31,Muranga,Dry Maize,maize,,,,,,
2024-08-31,Muranga,Green Maize,maize,,,,,,
2024-08-31,Muranga,Red Sorghum,sorghum,,,,,,
2024-08-31,Muranga,White Sorghum,sorghum,,,,,,
2024-08-31,Nairobi,Beans Rosecoco,beans,,,,,,
2024-08-31,Nairobi,Dry Maize,maize,,,,,,
2024-08-31,Nairobi,Green Maize,maize,,,,,,
2024-08-31,Nairobi,Red Sorghum,sorghum,,,,,,
2024-08-31,Nairobi,White Sorghum,sorghum,,,,,,
2024-08-31,Nakuru,Beans Rosecoco,beans,,,,,,
2024-08-31,Nakuru,Dry Maize,maize,,,,,,
2024-08-31,Nakuru,Green Maize,maize,,,,,,
2024-08-31,Nakuru,Red Sorghum,sorghum,,,,,,
2024-08-31,Nandi,Beans Rosecoco,beans,,,,,,
2024-08-31,Nandi,Dry Maize,maize,,,,,,
2024-08-31,Nandi,Green Maize,maize,,,,,,
2024-08-31,Nandi,Red Sorghum,sorghum,,,,,,
2024-08-31,Nyamira,Beans Rosecoco,beans,,,,,,
2024-08-31,Nyamira,Dry Maize,maize,,,,,,
2024-08-31,Nyamira,Red Sorghum,sorghum,,,,,,
2024-08-31,Nyandarua,Beans Rosecoco,beans,,,,,,
2024-08-31,Nyandarua,Dry Maize,maize,,,,,,
2024-08-31,Nyandarua,Red Sorghum,sorghum,,,,,,
2024-08-31,Siaya,Beans Rosecoco,beans,,,,,,
2024-08-31,Siaya,Dry Maize,maize,,,,,,
2024-08-31,Siaya,Green Maize,maize,,,,,,
2024-08-31,Siaya,Red Sorghum,sorghum,,,,,,
2024-08-31,Siaya,White Sorghum,sorghum,,,,,,
2024-08-31,Taita-Taveta,Beans Rosecoco,beans,,,,,,
2024-08-31,Taita-Taveta,Dry Maize,maize,,,,,,
2024-08-31,Taita-Taveta,Green Maize,maize,,,,,,
2024-08-31,Taita-Taveta,Red Sorghum,sorghum,,,,,,
2024-08-31,Taita-Taveta,White Sorghum,sorghum,,,,,,
2024-08-31,Tharaka-Nithi,Beans Rosecoco,beans,,,,,,
2024-08-31,Tharaka-Nithi,Dry Maize,maize,,,,,,
2024-08-31,Tharaka-Nithi,Green Maize,maize,,,,,,
2024-08-31,Tharaka-Nithi,Red Sorghum,sorghum,,,,,,
2024-08-31,Tharaka-Nithi,White Sorghum,sorghum,,,,,,
2024-08-31,Trans-Nzoia,Dry Maize,maize,,,,,,
2024-08-31,Trans-Nzoia,Green Maize,maize,,,,,,
2024-08-31,Trans-Nzoia,Red Sorghum,sorghum,,,,,,
2024-08-31,Uasin-Gishu,Dry Maize,maize,,,,,,
2024-08-31,Uasin-Gishu,Red Sorghum,sorghum,,,,,,
2024-08-31,Vihiga,Beans Rosecoco,beans,,,,,,
2024-08-31,Vihiga,Dry Maize,maize,,,,,,
2024-08-31,Vihiga,Red Sorghum,sorghum,,,,,,
2024-08-31,Vihiga,White Sorghum,sorghum,,,,,,
2024-09-30,Bomet,Beans Rosecoco,beans,,,,,,
2024-09-30,Bomet,Dry Maize,maize,,,,,,
2024-09-30,Bomet,Green Maize,maize,,,,,,
2024-09-30,Bomet,Red Sorghum,sorghum,,,,,,
2024-09-30,Bungoma,Beans Rosecoco,beans,,,,,,
2024-09-30,Bungoma,Dry Maize,maize,,,,,,
2024-09-30,Bungoma,Green Maize,maize,,,,,,
2024-09-30,Bungoma,Red Sorghum,sorghum,,,,,,
2024-09-30,Elgeyo-Marakwet,Beans Rosecoco,beans,,,,,,
2024-09-30,Elgeyo-Marakwet,Dry Maize,maize,,,,,,
2024-09-30,Embu,Beans Rosecoco,beans,,,,,,
2024-09-30,Embu,Dry Maize,maize,,,,,,
2024-09-30,Embu,Green Maize,maize,,,,,,
2024-09-30,Embu,Red Sorghum,sorghum,,,,,,
2024-09-30,Embu,White Sorghum,sorghum,,,,,,
2024-09-30,Kakamega,Beans Rosecoco,beans,,,,,,
2024-09-30,Kakamega,Dry Maize,maize,,,,,,
2024-09-30,Kakamega,Green Maize,maize,,,,,,
2024-09-30,Kakamega,Red Sorghum,sorghum,,,,,,
2024-09-30,Kakamega,White Sorghum,sorghum,,,,,,
2024-09-30,Kirinyaga,Beans Rosecoco,beans,,,,,,
2024-09-30,Kirinyaga,Dry Maize,maize,,,,,,
2024-09-30,Kirinyaga,Green Maize,maize,,,,,,
2024-09-30,Kirinyaga,Red Sorghum,sorghum,,,,,,
2024-09-30,Kisumu,Beans Rosecoco,beans,,,,,,
2024-09-30,Kisumu,Dry Maize,maize,,,,,,
2024-09-30,Kisumu,Green Maize,maize,,,,,,
2024-09-30,Kisumu,Red Sorghum,sorghum,,,,,,
2024-09-30,Kitui,Beans Rosecoco,beans,,,,,,
2024-09-30,Kitui,Dry Maize,maize,,,,,,
2024-09-30,Kitui,Green Maize,maize,,,,,,
2024-09-30,Kitui,Red Sorghum,sorghum,,,,,,
2024-09-30,Kitui,White Sorghum,sorghum,,,,,,
2024-09-30,Kwale,Dry Maize,maize,,,,,,
2024-09-30,Kwale,Green Maize,maize,,,,,,
2024-09-30,Makueni,Dry Maize,maize,,,,,,
2024-09-30,Makueni,Green Maize,maize,,,,,,
2024-09-30,Makueni,Red Sorghum,sorghum,,,,,,
2024-09-30,Meru,Beans Rosecoco,beans,,,,,,
2024-09-30,Meru,Dry Maize,maize,,,,,,
2024-09-30,Meru,Green Maize,maize,,,,,,
2024-09-30,Meru,Red Sorghum,sorghum,,,,,,
2024-09-30,Meru,White Sorghum,sorghum,,,,,,
2024-09-30,Migori,Beans Rosecoco,beans,,,,,,
2024-09-30,Migori,Dry Maize,maize,,,,,,
2024-09-30,Migori,Green Maize,maize,,,,,,
2024-09-30,Migori,Red Sorghum,sorghum,,,,,,
2024-09-30,Migori,White Sorghum,sorghum,,,,,,
2024-09-30,Muranga,Dry Maize,maize,,,,,,
2024-09-30,Muranga,Green Maize,maize,,,,,,
2024-09-30,Muranga,Red Sorghum,sorghum,,,,,,
2024-09-30,Muranga,White Sorghum,sorghum,,,,,,
2024-09-30,Nairobi,Beans Rosecoco,beans,,,,,,
2024-09-30,Nairobi,Dry Maize,maize,,,,,,
2024-09-30,Nairobi,Green Maize,maize,,,,,,
2024-09-30,Nairobi,Red Sorghum,sorghum,,,,,,
2024-09-30,Nairobi,White Sorghum,sorghum,,,,,,
2024-09-30,Nakuru,Beans Rosecoco,beans,,,,,,
2024-09-30,Nakuru,Dry Maize,maize,,,,,,
2024-09-30,Nakuru,Green Maize,maize,,,,,,
2024-09-30,Nakuru,Red Sorghum,sorghum,,,,,,
2024-09-30,Nandi,Beans Rosecoco,beans,,,,,,
2024-09-30,Nandi,Dry Maize,maize,,,,,,
2024-09-30,Nandi,Green Maize,maize,,,,,,
2024-09-30,Nandi,Red Sorghum,sorghum,,,,,,
2024-09-30,Nyamira,Beans Rosecoco,beans,,,,,,
2024-09-30,Nyamira,Dry Maize,maize,,,,,,
2024-09-30,Nyamira,Red Sorghum,sorghum,,,,,,
2024-09-30,Siaya,Beans Rosecoco,beans,,,,,,
2024-09-30,Siaya,Dry Maize,maize,,,,,,
2024-09-30,Siaya,Green Maize,maize,,,,,,
2024-09-30,Siaya,Red Sorghum,sorghum,,,,,,
2024-09-30,Siaya,White Sorghum,sorghum,,,,,,
2024-09-30,Taita-Taveta,Beans Rosecoco,beans,,,,,,
2024-09-30,Taita-Taveta,Dry Maize,maize,,,,,,
2024-09-30,Taita-Taveta,Green Maize,maize,,,,,,
2024-09-30,Taita-Taveta,Red Sorghum,sorghum,,,,,,
2024-09-30,Taita-Taveta,White Sorghum,sorghum,,,,,,
2024-09-30,Tharaka-Nithi,Beans Rosecoco,beans,,,,,,
2024-09-30,Tharaka-Nithi,Dry Maize,maize,,,,,,
2024-09-30,Tharaka-Nithi,Green Maize,maize,,,,,,
2024-09-30,Tharaka-Nithi,Red Sorghum,sorghum,,,,,,
2024-09-30,Tharaka-Nithi,White Sorghum,sorghum,,,,,,
2024-09-30,Trans-Nzoia,Beans Rosecoco,beans,,,,,,
2024-09-30,Trans-Nzoia,Dry Maize,maize,,,,,,
2024-09-30,Trans-Nzoia,Green Maize,maize,,,,,,
2024-09-30,Trans-Nzoia,Red Sorghum,sorghum,,,,,,
2024-09-30,Uasin-Gishu,Beans Rosecoco,beans,,,,,,
2024-09-30,Uasin-Gishu,Dry Maize,maize,,,,,,
2024-09-30,Uasin-Gishu,Red Sorghum,sorghum,,,,,,
2024-09-30,Vihiga,Beans Rosecoco,beans,,,,,,
2024-09-30,Vihiga,Dry Maize,maize,,,,,,
2024-09-30,Vihiga,Green Maize,maize,,,,,,
2024-09-30,Vihiga,Red Sorghum,sorghum,,,,,,
2024-09-30,Vihiga,White Sorghum,sorghum,,,,,,
2024-09-30,Wajir,Green Maize,maize,,,,,,
2024-10-31,Bomet,Beans Rosecoco,beans,,,,,,
2024-10-31,Bomet,Dry Maize,maize,,,,,,
2024-10-31,Bomet,Green Maize,maize,,,,,,
2024-10-31,Bomet,Red Sorghum,sorghum,,,,,,
2024-10-31,Bungoma,Beans Rosecoco,beans,,,,,,
2024-10-31,Bungoma,Dry Maize,maize,,,,,,
2024-10-31,Bungoma,Green Maize,maize,,,,,,
2024-10-31,Bungoma,Red Sorghum,sorghum,,,,,,
2024-10-31,Embu,Beans Rosecoco,beans,,,,,,
2024-10-31,Embu,Dry Maize,maize,,,,,,
2024-10-31,Embu,Green Maize,maize,,,,,,
2024-10-31,Embu,Red Sorghum,sorghum,,,,,,
2024-10-31,Embu,White Sorghum,sorghum,,,,,,
2024-10-31,Kakamega,Beans Rosecoco,beans,,,,,,
2024-10-31,Kakamega,Dry Maize,maize,,,,,,
2024-10-31,Kakamega,Green Maize,maize,,,,,,
2024-10-31,Kakamega,Red Sorghum,sorghum,,,,,,
2024-10-31,Kakamega,White Sorghum,sorghum,,,,,,
2024-10-31,Kirinyaga,Beans Rosecoco,beans,,,,,,
2024-10-31,Kirinyaga,Dry Maize,maize,,,,,,
2024-10-31,Kirinyaga,Green Maize,maize,,,,,,
2024-10-31,Kirinyaga,Red Sorghum,sorghum,,,,,,
2024-10-31,Kisumu,Beans Rosecoco,beans,,,,,,
2024-10-31,Kisumu,Dry Maize,maize,,,,,,
2024-10-31,Kisumu,Red Sorghum,sorghum,,,,,,
2024-10-31,Kitui,Beans Rosecoco,beans,,,,,,
2024-10-31,Kitui,Dry Maize,maize,,,,,,
2024-10-31,Kitui,Green Maize,maize,,,,,,
2024-10-31,Kitui,Red Sorghum,sorghum,,,,,,
2024-10-31,Kitui,White Sorghum,sorghum,,,,,,
2024-10-31,Kwale,Green Maize,maize,,,,,,
2024-10-31,Makueni,Dry Maize,maize,,,,,,
2024-10-31,Makueni,Green Maize,maize,,,,,,
2024-10-31,Makueni,Red Sorghum,sorghum,,,,,,
2024-10-31,Meru,Beans Rosecoco,beans,,,,,,
2024-10-31,Meru,Dry Maize,maize,,,,,,
2024-10-31,Meru,Green Maize,maize,,,,,,
2024-10-31,Meru,Red Sorghum,sorghum,,,,,,
2024-10-31,Meru,White Sorghum,sorghum,,,,,,
2024-10-31,Migori,Beans Rosecoco,beans,,,,,,
2024-10-31,Migori,Dry Maize,maize,,,,,,
2024-10-31,Migori,Red Sorghum,sorghum,,,,,,
2024-10-31,Migori,White Sorghum,sorghum,,,,,,
2024-10-31,Muranga,Beans Rosecoco,beans,,,,,,
2024-10-31,Muranga,Green Maize,maize,,,,,,
2024-10-31,Nairobi,Beans Rosecoco,beans,,,,,,
2024-10-31,Nairobi,Dry Maize,maize,,,,,,
2024-10-31,Nairobi,Green Maize,maize,,,,,,
2024-10-31,Nairobi,Red Sorghum,sorghum,,,,,,
2024-10-31,Nairobi,White Sorghum,sorghum,,,,,,
2024-10-31,Nakuru,Beans Rosecoco,beans,,,,,,
2024-10-31,Nakuru,Dry Maize,maize,,,,,,
2024-10-31,Nakuru,Green Maize,maize,,,,,,
2024-10-31,Nandi,Beans Rosecoco,beans,,,,,,
2024-10-31,Nandi,Dry Maize,maize,,,,,,
2024-10-31,Nandi,Red Sorghum,sorghum,,,,,,
2024-10-31,Nyamira,Beans Rosecoco,beans,,,,,,
2024-10-31,Nyamira,Dry Maize,maize,,,,,,
2024-10-31,Nyamira,Red Sorghum,sorghum,,,,,,
2024-10-31,Siaya,Beans Rosecoco,beans,,,,,,
2024-10-31,Siaya,Dry Maize,maize,,,,,,
2024-10-31,Siaya,Green Maize,maize,,,,,,
2024-10-31,Siaya,Red Sorghum,sorghum,,,,,,
2024-10-31,Siaya,White Sorghum,sorghum,,,,,,
2024-10-31,Taita-Taveta,Beans Rosecoco,beans,,,,,,
2024-10-31,Taita-Taveta,Dry Maize,maize,,,,,,
2024-10-31,Taita-Taveta,Green Maize,maize,,,,,,
2024-10-31,Taita-Taveta,Red Sorghum,sorghum,,,,,,
2024-10-31,Tharaka-Nithi,Beans Rosecoco,beans,,,,,,
2024-10-31,Tharaka-Nithi,Dry Maize,maize,,,,,,
2024-10-31,Tharaka-Nithi,Green Maize,maize,,,,,,
2024-10-31,Tharaka-Nithi,Red Sorghum,sorghum,,,,,,
2024-10-31,Tharaka-Nithi,White Sorghum,sorghum,,,,,,
2024-10-31,Trans-Nzoia,Beans Rosecoco,beans,,,,,,
2024-10-31,Trans-Nzoia,Dry Maize,maize,,,,,,
2024-10-31,Trans-Nzoia,Green Maize,maize,,,,,,
2024-10-31,Trans-Nzoia,Red Sorghum,sorghum,,,,,,
2024-10-31,Wajir,Green Maize,maize,,,,,,
2024-11-30,Nairobi,Dry Maize,maize,,,,,,
2024-11-30,Nairobi,Green Maize,maize,,,,,,
2025-01-31,Bomet,Beans Rosecoco,beans,,,,,,
2025-01-31,Bomet,Dry Maize,maize,,,,,,
2025-01-31,Vihiga,Beans Rosecoco,beans,,,,,,
2025-01-31,Vihiga,Dry Maize,maize,,,,,,
2025-01-31,Vihiga,Red Sorghum,sorghum,,,,,,
2025-01-31,Vihiga,White Sorghum,sorghum,,,,,,
2025-02-28,Bomet,Beans Rosecoco,beans,,,,,,
2025-02-28,Bomet,Dry Maize,maize,,,,,,
2025-02-28,Kisumu,Beans Rosecoco,beans,,,,,,
2025-02-28,Kisumu,Dry Maize,maize,,,,,,
2025-02-28,Kisumu,Red Sorghum,sorghum,,,,,,
2025-02-28,Meru,Dry Maize,maize,,,,,,
2025-02-28,Meru,Green Maize,maize,,,,,,
2025-02-28,Meru,Red Sorghum,sorghum,,,,,,
2025-02-28,Nairobi,White Sorghum,sorghum,,,,,,
2025-02-28,Nandi,Beans Rosecoco,beans,,,,,,
2025-02-28,Nandi,Dry Maize,maize,,,,,,
2025-02-28,Nandi,Red Sorghum,sorghum,,,,,,
2025-02-28,Vihiga,Beans Rosecoco,beans,,,,,,
2025-02-28,Vihiga,Dry Maize,maize,,,,,,
2025-02-28,Vihiga,Green Maize,maize,,,,,,
2025-02-28,Vihiga,Red Sorghum,sorghum,,,,,,
2025-02-28,Vihiga,White Sorghum,sorghum,,,,,,
2025-03-31,Bomet,Beans Rosecoco,beans,,,,,,
2025-03-31,Bomet,Dry Maize,maize,,,,,,
2025-03-31,Kisumu,Beans Rosecoco,beans,,,,,,
2025-03-31,Kisumu,Dry Maize,maize,,,,,,
2025-03-31,Kisumu,Green Maize,maize,,,,,,
2025-03-31,Kisumu,Red Sorghum,sorghum,,,,,,
2025-03-31,Kisumu,White Sorghum,sorghum,,,,,,
2025-03-31,Nandi,Beans Rosecoco,beans,,,,,,
2025-03-31,Nandi,Dry Maize,maize,,,,,,
2025-03-31,Nandi,Red Sorghum,sorghum,,,,,,
2025-04-30,Kisumu,Beans Rosecoco,beans,,,,,,
2025-04-30,Kisumu,Dry Maize,maize,,,,,,
2025-04-30,Kisumu,Green Maize,maize,,,,,,
2025-04-30,Kisumu,Red Sorghum,sorghum,,,,,,
2025-04-30,Kisumu,White Sorghum,sorghum,,,,,,
2025-04-30,Nandi,Beans Rosecoco,beans,,,,,,
2025-04-30,Nandi,Dry Maize,maize,,,,,,
2025-05-31,Bomet,Beans Rosecoco,beans,,,,,,
2025-05-31,Bomet,Dry Maize,maize,,,,,,
2025-05-31,Bomet,Green Maize,maize,,,,,,
2025-05-31,Bungoma,Dry Maize,maize,,,,,,
2025-05-31,Bungoma,Green Maize,maize,,,,,,
2025-05-31,Embu,Beans Rosecoco,beans,,,,,,
2025-05-31,Embu,Dry Maize,maize,,,,,,
2025-05-31,Embu,Green Maize,maize,,,,,,
2025-05-31,Embu,Red Sorghum,sorghum,,,,,,
2025-05-31,Embu,White Sorghum,sorghum,,,,,,
2025-05-31,Kakamega,Beans Rosecoco,beans,,,,,,
2025-05-31,Kakamega,Dry Maize,maize,,,,,,
2025-05-31,Kakamega,Green Maize,maize,,,,,,
2025-05-31,Kakamega,Red Sorghum,sorghum,,,,,,
2025-05-31,Kirinyaga,Beans Rosecoco,beans,,,,,,
2025-05-31,Kirinyaga,Dry Maize,maize,,,,,,
2025-05-31,Kirinyaga,Green Maize,maize,,,,,,
2025-05-31,Kirinyaga,Red Sorghum,sorghum,,,,,,
2025-05-31,Kirinyaga,White Sorghum,sorghum,,,,,,
2025-05-31,Kisumu,Beans Rosecoco,beans,,,,,,
2025-05-31,Kisumu,Dry Maize,maize,,,,,,
2025-05-31,Kisumu,Green Maize,maize,,,,,,
2025-05-31,Kisumu,Red Sorghum,sorghum,,,,,,
2025-05-31,Kisumu,White Sorghum,sorghum,,,,,,
2025-05-31,Kitui,Beans Rosecoco,beans,,,,,,
2025-05-31,Kitui,Dry Maize,maize,,,,,,
2025-05-31,Kitui,Red Sorghum,sorghum,,,,,,
2025-05-31,Kitui,White Sorghum,sorghum,,,,,,
2025-05-31,Kwale,Dry Maize,maize,,,,,,
2025-05-31,Kwale,Green Maize,maize,,,,,,
2025-05-31,Makueni,Dry Maize,maize,,,,,,
2025-05-31,Makueni,Green Maize,maize,,,,,,
2025-05-31,Makueni,Red Sorghum,sorghum,,,,,,
2025-05-31,Meru,Beans Rosecoco,beans,,,,,,
2025-05-31,Meru,Dry Maize,maize,,,,,,
2025-05-31,Meru,Green Maize,maize,,,,,,
2025-05-31,Meru,Red Sorghum,sorghum,,,,,,
2025-05-31,Meru,White Sorghum,sorghum,,,,,,
2025-05-31,Muranga,Beans Rosecoco,beans,,,,,,
2025-05-31,Muranga,Green Maize,maize,,,,,,
2025-05-31,Nairobi,Beans Rosecoco,beans,,,,,,
2025-05-31,Nairobi,Dry Maize,maize,,,,,,
2025-05-31,Nairobi,Green Maize,maize,,,,,,
2025-05-31,Nairobi,Red Sorghum,sorghum,,,,,,
2025-05-31,Nairobi,White Sorghum,sorghum,,,,,,
2025-05-31,Nakuru,Beans Rosecoco,beans,,,,,,
2025-05-31,Nakuru,Dry Maize,maize,,,,,,
2025-05-31,Nakuru,Green Maize,maize,,,,,,
2025-05-31,Nakuru,Red Sorghum,sorghum,,,,,,
2025-05-31,Nandi,Beans Rosecoco,beans,,,,,,
2025-05-31,Nandi,Dry Maize,maize,,,,,,
2025-05-31,Nandi,Red Sorghum,sorghum,,,,,,
2025-05-31,Nandi,White Sorghum,sorghum,,,,,,
2025-05-31,Narok,Green Maize,maize,,,,,,
2025-05-31,Taita-Taveta,Dry Maize,maize,,,,,,
2025-05-31,Taita-Taveta,Green Maize,maize,,,,,,
2025-05-31,Tana-River,Dry Maize,maize,,,,,,
2025-05-31,Tana-River,Green Maize,maize,,,,,,
2025-05-31,Tana-River,Red Sorghum,sorghum,,,,,,
2025-05-31,Tana-River,White Sorghum,sorghum,,,,,,
2025-05-31,Trans-Nzoia,Beans Rosecoco,beans,,,,,,
2025-05-31,Trans-Nzoia,Dry Maize,maize,,,,,,
2025-05-31,Trans-Nzoia,Green Maize,maize,,,,,,
2025-05-31,Trans-Nzoia,Red Sorghum,sorghum,,,,,,
2025-05-31,Uasin-Gishu,Dry Maize,maize,,,,,,
2025-05-31,Uasin-Gishu,Red Sorghum,sorghum,,,,,,
2025-06-30,Bomet,Beans Rosecoco,beans,,,,,,
2025-06-30,Bomet,Dry Maize,maize,,,,,,
2025-06-30,Bomet,Green Maize,maize,,,,,,
2025-06-30,Bomet,Red Sorghum,sorghum,,,,,,
2025-06-30,Busia,Dry Maize,maize,,,,,,
2025-06-30,Busia,Green Maize,maize,,,,,,
2025-06-30,Embu,Beans Rosecoco,beans,,,,,,
2025-06-30,Embu,Dry Maize,maize,,,,,,
2025-06-30,Embu,Green Maize,maize,,,,,,
2025-06-30,Embu,Red Sorghum,sorghum,,,,,,
2025-06-30,Embu,White Sorghum,sorghum,,,,,,
2025-06-30,Kakamega,Beans Rosecoco,beans,,,,,,
2025-06-30,Kakamega,Dry Maize,maize,,,,,,
2025-06-30,Kakamega,Green Maize,maize,,,,,,
2025-06-30,Kakamega,Red Sorghum,sorghum,,,,,,
2025-06-30,Kakamega,White Sorghum,sorghum,,,,,,
2025-06-30,Kirinyaga,Beans Rosecoco,beans,,,,,,
2025-06-30,Kirinyaga,Dry Maize,maize,,,,,,
2025-06-30,Kirinyaga,Green Maize,maize,,,,,,
2025-06-30,Kirinyaga,Red Sorghum,sorghum,,,,,,
2025-06-30,Kirinyaga,White Sorghum,sorghum,,,,,,
2025-06-30,Kisii,Beans Rosecoco,beans,,,,,,
2025-06-30,Kisii,Dry Maize,maize,,,,,,
2025-06-30,Kisii,Green Maize,maize,,,,,,
2025-06-30,Kisumu,Beans Rosecoco,beans,,,,,,
2025-06-30,Kisumu,Dry Maize,maize,,,,,,
2025-06-30,Kisumu,Green Maize,maize,,,,,,
2025-06-30,Kisumu,Red Sorghum,sorghum,,,,,,
2025-06-30,Kisumu,White Sorghum,sorghum,,,,,,
2025-06-30,Kitui,Beans Rosecoco,beans,,,,,,
2025-06-30,Kitui,Dry Maize,maize,,,,,,
2025-06-30,Kitui,Green Maize,maize,,,,,,
2025-06-30,Kitui,Red Sorghum,sorghum,,,,,,
2025-06-30,Kitui,White Sorghum,sorghum,,,,,,
2025-06-30,Kwale,Dry Maize,maize,,,,,,
2025-06-30,Kwale,Green Maize,maize,,,,,,
2025-06-30,Makueni,Dry Maize,maize,,,,,,
2025-06-30,Makueni,Green Maize,maize,,,,,,
2025-06-30,Makueni,Red Sorghum,sorghum,,,,,,
2025-06-30,Meru,Beans Rosecoco,beans,,,,,,
2025-06-30,Meru,Dry Maize,maize,,,,,,
2025-06-30,Meru,Green Maize,maize,,,,,,
2025-06-30,Meru,Red Sorghum,sorghum,,,,,,
2025-06-30,Meru,White Sorghum,sorghum,,,,,,
2025-06-30,Muranga,Dry Maize,maize,,,,,,
2025-06-30,Muranga,Green Maize,maize,,,,,,
2025-06-30,Nairobi,Beans Rosecoco,beans,,,,,,
2025-06-30,Nairobi,Dry Maize,maize,,,,,,
2025-06-30,Nairobi,Green Maize,maize,,,,,,
2025-06-30,Nairobi,Red Sorghum,sorghum,,,,,,
2025-06-30,Nairobi,White Sorghum,sorghum,,,,,,
2025-06-30,Nandi,Dry Maize,maize,,,,,,
2025-06-30,Nandi,Red Sorghum,sorghum,,,,,,
2025-06-30,Narok,Beans Rosecoco,beans,,,,,,
2025-06-30,Narok,Dry Maize,maize,,,,,,
2025-06-30,Narok,Green Maize,maize,,,,,,
2025-06-30,Narok,Red Sorghum,sorghum,,,,,,
2025-06-30,Taita-Taveta,Beans Rosecoco,beans,,,,,,
2025-06-30,Taita-Taveta,Dry Maize,maize,,,,,,
2025-06-30,Taita-Taveta,Green Maize,maize,,,,,,
2025-06-30,Taita-Taveta,Red Sorghum,sorghum,,,,,,
2025-06-30,Taita-Taveta,White Sorghum,sorghum,,,,,,
2025-06-30,Tana-River,Dry Maize,maize,,,,,,
2025-06-30,Tana-River,Green Maize,maize,,,,,,
2025-06-30,Tana-River,Red Sorghum,sorghum,,,,,,
2025-06-30,Tana-River,White Sorghum,sorghum,,,,,,
2025-06-30,Tharaka-Nithi,Beans Rosecoco,beans,,,,,,
2025-06-30,Tharaka-Nithi,Dry Maize,maize,,,,,,
2025-06-30,Tharaka-Nithi,Green Maize,maize,,,,,,
2025-06-30,Tharaka-Nithi,Red Sorghum,sorghum,,,,,,
2025-06-30,Tharaka-Nithi,White Sorghum,sorghum,,,,,,
2025-06-30,Trans-Nzoia,Beans Rosecoco,beans,,,,,,
2025-06-30,Trans-Nzoia,Dry Maize,maize,,,,,,
2025-06-30,Trans-Nzoia,Green Maize,maize,,,,,,
2025-06-30,Trans-Nzoia,Red Sorghum,sorghum,,,,,,
2025-06-30,Trans-Nzoia,White Sorghum,sorghum,,,,,,
2025-06-30,Uasin-Gishu,Beans Rosecoco,beans,,,,,,
2025-06-30,Uasin-Gishu,Dry Maize,maize,,,,,,
2025-06-30,Uasin-Gishu,Green Maize,maize,,,,,,
2025-06-30,Vihiga,Beans Rosecoco,beans,,,,,,
2025-06-30,Vihiga,Dry Maize,maize,,,,,,
2025-06-30,Vihiga,Green Maize,maize,,,,,,
2025-06-30,Vihiga,Red Sorghum,sorghum,,,,,,
2025-06-30,Vihiga,White Sorghum,sorghum,,,,,,
2025-07-31,Bomet,Beans Rosecoco,beans,,,,,,
2025-07-31,Bomet,Dry Maize,maize,,,,,,
2025-07-31,Bomet,Green Maize,maize,,,,,,
2025-07-31,Bomet,Red Sorghum,sorghum,,,,,,
2025-07-31,Embu,Beans Rosecoco,beans,,,,,,
2025-07-31,Embu,Dry Maize,maize,,,,,,
2025-07-31,Embu,Green Maize,maize,,,,,,
2025-07-31,Embu,Red Sorghum,sorghum,,,,,,
2025-07-31,Embu,White Sorghum,sorghum,,,,,,
2025-07-31,Kakamega,Beans Rosecoco,beans,,,,,,
2025-07-31,Kakamega,Dry Maize,maize,,,,,,
2025-07-31,Kakamega,Green Maize,maize,,,,,,
2025-07-31,Kakamega,Red Sorghum,sorghum,,,,,,
2025-07-31,Kakamega,White Sorghum,sorghum,,,,,,
2025-07-31,Kirinyaga,Beans Rosecoco,beans,,,,,,
2025-07-31,Kirinyaga,Dry Maize,maize,,,,,,
2025-07-31,Kirinyaga,Green Maize,maize,,,,,,
2025-07-31,Kirinyaga,Red Sorghum,sorghum,,,,,,
2025-07-31,Kirinyaga,White Sorghum,sorghum,,,,,,
2025-07-31,Kisii,Green Maize,maize,,,,,,
2025-07-31,Kisumu,Beans Rosecoco,beans,,,,,,
2025-07-31,Kisumu,Dry Maize,maize,,,,,,
2025-07-31,Kisumu,Green Maize,maize,,,,,,
2025-07-31,Kisumu,Red Sorghum,sorghum,,,,,,
2025-07-31,Kisumu,White Sorghum,sorghum,,,,,,
2025-07-31,Kitui,Beans Rosecoco,beans,,,,,,
2025-07-31,Kitui,Dry Maize,maize,,,,,,
2025-07-31,Kitui,Red Sorghum,sorghum,,,,,,
2025-07-31,Kitui,White Sorghum,sorghum,,,,,,
2025-07-31,Kwale,Dry Maize,maize,,,,,,
2025-07-31,Kwale,Green Maize,maize,,,,,,
2025-07-31,Meru,Beans Rosecoco,beans,,,,,,
2025-07-31,Meru,Dry Maize,maize,,,,,,
2025-07-31,Meru,Green Maize,maize,,,,,,
2025-07-31,Meru,Red Sorghum,sorghum,,,,,,
2025-07-31,Meru,White Sorghum,sorghum,,,,,,
2025-07-31,Muranga,Green Maize,maize,,,,,,
2025-07-31,Nairobi,Beans Rosecoco,beans,,,,,,
2025-07-31,Nairobi,Dry Maize,maize,,,,,,
2025-07-31,Nairobi,Green Maize,maize,,,,,,
2025-07-31,Nairobi,Red Sorghum,sorghum,,,,,,
2025-07-31,Narok,Beans Rosecoco,beans,,,,,,
2025-07-31,Narok,Dry Maize,maize,,,,,,
2025-07-31,Taita-Taveta,Beans Rosecoco,beans,,,,,,
2025-07-31,Taita-Taveta,Dry Maize,maize,,,,,,
2025-07-31,Taita-Taveta,Green Maize,maize,,,,,,
2025-07-31,Taita-Taveta,Red Sorghum,sorghum,,,,,,
2025-07-31,Taita-Taveta,White Sorghum,sorghum,,,,,,
2025-07-31,Tana-River,Dry Maize,maize,,,,,,
2025-07-31,Tharaka-Nithi,Beans Rosecoco,beans,,,,,,
2025-07-31,Tharaka-Nithi,Dry Maize,maize,,,,,,
2025-07-31,Tharaka-Nithi,Green Maize,maize,,,,,,
2025-07-31,Tharaka-Nithi,Red Sorghum,sorghum,,,,,,
2025-07-31,Tharaka-Nithi,White Sorghum,sorghum,,,,,,
2025-07-31,Trans-Nzoia,Beans Rosecoco,beans,,,,,,
2025-07-31,Trans-Nzoia,Dry Maize,maize,,,,,,
2025-07-31,Trans-Nzoia,Green Maize,maize,,,,,,
2025-07-31,Trans-Nzoia,Red Sorghum,sorghum,,,,,,
2025-07-31,Trans-Nzoia,White Sorghum,sorghum,,,,,,
2025-07-31,Vihiga,Beans Rosecoco,beans,,,,,,
2025-07-31,Vihiga,Dry Maize,maize,,,,,,
2025-07-31,Vihiga,Green Maize,maize,,,,,,
2025-07-31,Vihiga,Red Sorghum,sorghum,,,,,,
2025-07-31,Vihiga,White Sorghum,sorghum,,,,,,
2025-08-31,Bomet,Beans Rosecoco,beans,,,,,,
2025-08-31,Bomet,Dry Maize,maize,,,,,,
2025-08-31,Bomet,Red Sorghum,sorghum,,,,,,
2025-08-31,Embu,Dry Maize,maize,,,,,,
2025-08-31,Embu,Green Maize,maize,,,,,,
2025-08-31,Embu,Red Sorghum,sorghum,,,,,,
2025-08-31,Embu,White Sorghum,sorghum,,,,,,
2025-08-31,Kakamega,Beans Rosecoco,beans,,,,,,
2025-08-31,Kakamega,Dry Maize,maize,,,,,,
2025-08-31,Kakamega,Red Sorghum,sorghum,,,,,,
2025-08-31,Kakamega,White Sorghum,sorghum,,,,,,
2025-08-31,Kirinyaga,Beans Rosecoco,beans,,,,,,
2025-08-31,Kirinyaga,Dry Maize,maize,,,,,,
2025-08-31,Kirinyaga,Green Maize,maize,,,,,,
2025-08-31,Kirinyaga,Red Sorghum,sorghum,,,,,,
2025-08-31,Kirinyaga,White Sorghum,sorghum,,,,,,
2025-08-31,Kisumu,Beans Rosecoco,beans,,,,,,
2025-08-31,Kisumu,Dry Maize,maize,,,,,,
2025-08-31,Kisumu,Green Maize,maize,,,,,,
2025-08-31,Kisumu,Red Sorghum,sorghum,,,,,,
2025-08-31,Kisumu,White Sorghum,sorghum,,,,,,
2025-08-31,Kitui,Beans Rosecoco,beans,,,,,,
2025-08-31,Kitui,Dry Maize,maize,,,,,,
2025-08-31,Kitui,Green Maize,maize,,,,,,
2025-08-31,Kitui,Red Sorghum,sorghum,,,,,,
2025-08-31,Kitui,White Sorghum,sorghum,,,,,,
2025-08-31,Kwale,Dry Maize,maize,,,,,,
2025-08-31,Kwale,Green Maize,maize,,,,,,
2025-08-31,Meru,Beans Rosecoco,beans,,,,,,
2025-08-31,Meru,Dry Maize,maize,,,,,,
2025-08-31,Meru,Green Maize,maize,,,,,,
2025-08-31,Meru,Red Sorghum,sorghum,,,,,,
2025-08-31,Meru,White Sorghum,sorghum,,,,,,
2025-08-31,Muranga,Dry Maize,maize,,,,,,
2025-08-31,Muranga,Green Maize,maize,,,,,,
2025-08-31,Nairobi,Beans Rosecoco,beans,,,,,,
2025-08-31,Nairobi,Dry Maize,maize,,,,,,
2025-08-31,Nairobi,Red Sorghum,sorghum,,,,,,
2025-08-31,Taita-Taveta,Dry Maize,maize,,,,,,
2025-08-31,Taita-Taveta,Green Maize,maize,,,,,,
2025-08-31,Taita-Taveta,Red Sorghum,sorghum,,,,,,
2025-08-31,Taita-Taveta,White Sorghum,sorghum,,,,,,
2025-08-31,Tharaka-Nithi,Beans Rosecoco,beans,,,,,,
2025-08-31,Tharaka-Nithi,Dry Maize,maize,,,,,,
2025-08-31,Tharaka-Nithi,Green Maize,maize,,,,,,
2025-08-31,Tharaka-Nithi,Red Sorghum,sorghum,,,,,,
2025-08-31,Tharaka-Nithi,White Sorghum,sorghum,,,,,,
2025-08-31,Trans-Nzoia,Beans Rosecoco,beans,,,,,,
2025-08-31,Trans-Nzoia,Dry Maize,maize,,,,,,
2025-08-31,Trans-Nzoia,Green Maize,maize,,,,,,
2025-08-31,Trans-Nzoia,Red Sorghum,sorghum,,,,,,
2025-08-31,Vihiga,Beans Rosecoco,beans,,,,,,
2025-08-31,Vihiga,Dry Maize,maize,,,,,,
2025-08-31,Vihiga,Red Sorghum,sorghum,,,,,,
2025-08-31,Vihiga,White Sorghum,sorghum,,,,,,
2025-09-30,Bomet,Beans Rosecoco,beans,,,,,,
2025-09-30,Bomet,Dry Maize,maize,,,,,,
2025-09-30,Bomet,Green Maize,maize,,,,,,
2025-09-30,Bomet,Red Sorghum,sorghum,,,,,,
2025-09-30,Embu,Dry Maize,maize,,,,,,
2025-09-30,Embu,Green Maize,maize,,,,,,
2025-09-30,Embu,Red Sorghum,sorghum,,,,,,
2025-09-30,Kakamega,Beans Rosecoco,beans,,,,,,
2025-09-30,Kakamega,Dry Maize,maize,,,,,,
2025-09-30,Kakamega,Green Maize,maize,,,,,,
2025-09-30,Kakamega,Red Sorghum,sorghum,,,,,,
2025-09-30,Kirinyaga,Beans Rosecoco,beans,,,,,,
2025-09-30,Kirinyaga,Dry Maize,maize,,,,,,
2025-09-30,Kirinyaga,Green Maize,maize,,,,,,
2025-09-30,Kirinyaga,Red Sorghum,sorghum,,,,,,
2025-09-30,Kirinyaga,White Sorghum,sorghum,,,,,,
2025-09-30,Kisumu,Beans Rosecoco,beans,,,,,,
2025-09-30,Kisumu,Dry Maize,maize,,,,,,
2025-09-30,Kisumu,Green Maize,maize,,,,,,
2025-09-30,Kisumu,Red Sorghum,sorghum,,,,,,
2025-09-30,Kisumu,White Sorghum,sorghum,,,,,,
2025-09-30,Kitui,Dry Maize,maize,,,,,,
2025-09-30,Kitui,Green Maize,maize,,,,,,
2025-09-30,Kitui,Red Sorghum,sorghum,,,,,,
2025-09-30,Kitui,White Sorghum,sorghum,,,,,,
2025-09-30,Kwale,Dry Maize,maize,,,,,,
2025-09-30,Kwale,Green Maize,maize,,,,,,
2025-09-30,Makueni,Dry Maize,maize,,,,,,
2025-09-30,Makueni,Green Maize,maize,,,,,,
2025-09-30,Meru,Beans Rosecoco,beans,,,,,,
2025-09-30,Meru,Dry Maize,maize,,,,,,
2025-09-30,Meru,Green Maize,maize,,,,,,
2025-09-30,Meru,Red Sorghum,sorghum,,,,,,
2025-09-30,Meru,White Sorghum,sorghum,,,,,,
2025-09-30,Muranga,Green Maize,maize,,,,,,
2025-09-30,Nairobi,Beans Rosecoco,beans,,,,,,
2025-09-30,Nairobi,Dry Maize,maize,,,,,,
2025-09-30,Nairobi,Red Sorghum,sorghum,,,,,,
2025-09-30,Taita-Taveta,Dry Maize,maize,,,,,,
2025-09-30,Taita-Taveta,Green Maize,maize,,,,,,
2025-09-30,Taita-Taveta,Red Sorghum,sorghum,,,,,,
2025-09-30,Taita-Taveta,White Sorghum,sorghum,,,,,,
2025-09-30,Trans-Nzoia,Beans Rosecoco,beans,,,,,,
2025-09-30,Trans-Nzoia,Dry Maize,maize,,,,,,
2025-09-30,Trans-Nzoia,Green Maize,maize,,,,,,
2025-09-30,Trans-Nzoia,Red Sorghum,sorghum,,,,,,
