Commodity,Classification,Grade,Sex,Market,Wholesale,Retail,Supply Volume,County,Date,ProductID,CropName
Dry Maize,White Maize,-,-,Khayega,48.89/Kg,51.11/Kg,9000.0,Kakamega,2026-02-08,1,Product-1
Dry Maize,Yellow Maize,-,-,Kibuye,-,65.00/Kg,,Kisumu,2026-02-08,1,Product-1
Dry Maize,White Maize,-,-,Kibuye,57.78/Kg,65.00/Kg,,Kisumu,2026-02-08,1,Product-1
Dry Maize,White Maize,-,-,Muhoroni,40.00/Kg,48.00/Kg,5000.0,Kisumu,2026-02-08,1,Product-1
Dry Maize,White Maize,-,-,Makutano Embu,40.00/Kg,60.00/Kg,,Embu,2026-02-07,1,Product-1
Dry Maize,White Maize,-,-,Kakamega Town,42.22/Kg,60.00/Kg,10000.0,Kakamega,2026-02-06,1,Product-1
Dry Maize,White Maize,-,-,Ngurubani Market,40.00/Kg,60.00/Kg,6250.0,Kirinyaga,2026-02-06,1,Product-1
Dry Maize,White Maize,-,-,Mumias,-,59.09/Kg,,Kakamega,2026-02-06,1,Product-1
Dry Maize,White Maize,-,-,Kangeta,50.00/Kg,60.00/Kg,1200.0,Meru,2026-02-06,1,Product-1
Dry Maize,White Maize,-,-,Ndanai Market,4300.00/Kg,70.00/Kg,45000.0,Bomet,2026-02-06,1,Product-1
Dry Maize,White Maize,-,-,Kawangware,55.00/Kg,65.00/Kg,,Nairobi,2026-02-06,1,Product-1
Dry Maize,Yellow Maize,-,-,Gikomba,77.78/Kg,100.00/Kg,,Nairobi,2026-02-06,1,Product-1
Dry Maize,White Maize,-,-,Gikomba,53.33/Kg,70.00/Kg,,Nairobi,2026-02-06,1,Product-1
Dry Maize,White Maize,-,-,Gakoromone,50.00/Kg,51.11/Kg,40000.0,Meru,2026-02-06,1,Product-1
Dry Maize,White Maize,-,-,Katito,60.00/Kg,67.31/Kg,8500.0,Kisumu,2026-02-05,1,Product-1
Dry Maize,White Maize,-,-,Kerugoya,55.00/Kg,80.00/Kg,4500.0,Kirinyaga,2026-02-05,1,Product-1
Dry Maize,White Maize,-,-,Kawangware,55.00/Kg,65.00/Kg,,Nairobi,2026-02-05,1,Product-1
Dry Maize,Yellow Maize,-,-,Gikomba,77.78/Kg,100.00/Kg,,Nairobi,2026-02-05,1,Product-1
Dry Maize,White Maize,-,-,Gikomba,53.33/Kg,70.00/Kg,,Nairobi,2026-02-05,1,Product-1
Dry Maize,White Maize,-,-,Ngurubani Market,50.00/Kg,60.00/Kg,6200.0,Kirinyaga,2026-02-04,1,Product-1
Dry Maize,Mixed-Traditional,-,-,Mukuyu Market,-,75.00/Kg,,Muranga,2026-02-04,1,Product-1
Dry Maize,White Maize,-,-,Taveta Retail Market,40.00/Kg,50.00/Kg,2000.0,Taita-Taveta,2026-02-04,1,Product-1
Dry Maize,White Maize,-,-,Mulot,50.00/Kg,70.00/Kg,5400.0,Bomet,2026-02-04,1,Product-1
Dry Maize,White Maize,-,-,Kawangware,55.00/Kg,65.00/Kg,,Nairobi,2026-02-04,1,Product-1
Dry Maize,Yellow Maize,-,-,Gikomba,77.78/Kg,100.00/Kg,,Nairobi,2026-02-04,1,Product-1
Dry Maize,White Maize,-,-,Gikomba,53.33/Kg,70.00/Kg,,Nairobi,2026-02-04,1,Product-1
Dry Maize,White Maize,-,-,Maua,55.56/Kg,70.00/Kg,6300.0,Meru,2026-02-03,1,Product-1
Dry Maize,Yellow Maize,-,-,Holo,-,50.00/Kg,,Kisumu,2026-02-03,1,Product-1
Dry Maize,White Maize,-,-,Holo,44.44/Kg,50.00/Kg,,Kisumu,2026-02-03,1,Product-1
Dry Maize,White Maize,-,-,Kerugoya,55.00/Kg,70.00/Kg,4200.0,Kirinyaga,2026-02-03,1,Product-1
Dry Maize,White Maize,-,-,Mogogosiek Market,50.00/Kg,62.50/Kg,10800.0,Bomet,2026-02-03,1,Product-1
Dry Maize,Mixed-Traditional,-,-,Nkubu,44.44/Kg,50.00/Kg,630.0,Meru,2026-02-03,1,Product-1
Dry Maize,White Maize,-,-,Kapkwen,37.78/Kg,52.00/Kg,360000.0,Bomet,2026-02-03,1,Product-1
Dry Maize,Yellow Maize,-,-,Gikomba,77.78/Kg,100.00/Kg,,Nairobi,2026-02-03,1,Product-1
Dry Maize,White Maize,-,-,Gikomba,53.33/Kg,70.00/Kg,,Nairobi,2026-02-03,1,Product-1
Dry Maize,White Maize,-,-,Kawangware,55.00/Kg,65.00/Kg,,Nairobi,2026-02-02,1,Product-1
Dry Maize,Yellow Maize,-,-,Gikomba,77.78/Kg,100.00/Kg,,Nairobi,2026-02-02,1,Product-1
Dry Maize,White Maize,-,-,Gikomba,53.33/Kg,70.00/Kg,,Nairobi,2026-02-02,1,Product-1
Dry Maize,Yellow Maize,-,-,Kibuye,-,65.00/Kg,,Kisumu,2026-02-01,1,Product-1
Dry Maize,White Maize,-,-,Kibuye,57.78/Kg,65.00/Kg,,Kisumu,2026-02-01,1,Product-1
Dry Maize,White Maize,-,-,Muhoroni,42.31/Kg,4.62/Kg,2500.0,Kisumu,2026-02-01,1,Product-1
Dry Maize,White Maize,-,-,Khayega,48.89/Kg,53.33/Kg,18000.0,Kakamega,2026-02-01,1,Product-1
Dry Maize,White Maize,-,-,Ngurubani Market,50.00/Kg,60.00/Kg,5500.0,Kirinyaga,2026-01-31,1,Product-1
Dry Maize,White Maize,-,-,Ndanai Market,48.89/Kg,70.00/Kg,45000.0,Bomet,2026-01-30,1,Product-1
Dry Maize,White Maize,-,-,Kisasi,40.00/Kg,55.00/Kg,,Kitui,2026-01-30,1,Product-1
Dry Maize,White Maize,-,-,Kagio,42.22/Kg,64.00/Kg,,Kirinyaga,2026-01-30,1,Product-1
Dry Maize,White Maize,-,-,Mumias,-,59.09/Kg,,Kakamega,2026-01-30,1,Product-1
Dry Maize,Yellow Maize,-,-,Gikomba,77.78/Kg,100.00/Kg,,Nairobi,2026-01-30,1,Product-1
Dry Maize,White Maize,-,-,Gikomba,53.33/Kg,70.00/Kg,,Nairobi,2026-01-30,1,Product-1
Dry Maize,White Maize,-,-,Kitale Municipality Market,40.00/Kg,46.67/Kg,400.0,Trans-Nzoia,2026-01-30,1,Product-1
Dry Maize,White Maize,-,-,Gakoromone,48.89/Kg,51.11/Kg,40000.0,Meru,2026-01-30,1,Product-1
Dry Maize,White Maize,-,-,Katito,57.78/Kg,56.77/Kg,7500.0,Kisumu,2026-01-29,1,Product-1
Dry Maize,White Maize,-,-,Kutus,46.00/Kg,60.00/Kg,,Kirinyaga,2026-01-29,1,Product-1
Dry Maize,White Maize,-,-,Kerugoya,55.00/Kg,70.00/Kg,4500.0,Kirinyaga,2026-01-29,1,Product-1
Dry Maize,Yellow Maize,-,-,Gikomba,77.78/Kg,100.00/Kg,,Nairobi,2026-01-29,1,Product-1
Dry Maize,White Maize,-,-,Gikomba,53.33/Kg,70.00/Kg,,Nairobi,2026-01-29,1,Product-1
Dry Maize,White Maize,-,-,Kawangware,55.00/Kg,65.00/Kg,,Nairobi,2026-01-29,1,Product-1
Dry Maize,Mixed-Traditional,-,-,Kitale Municipality Market,38.89/Kg,44.44/Kg,500.0,Trans-Nzoia,2026-01-29,1,Product-1
Dry Maize,White Maize,-,-,Mulot,50.00/Kg,70.00/Kg,8400.0,Bomet,2026-01-28,1,Product-1
Dry Maize,White Maize,-,-,Kakamega Town,40.00/Kg,60.00/Kg,20000.0,Kakamega,2026-01-28,1,Product-1
Dry Maize,White Maize,-,-,Sabatia,44.44/Kg,47.83/Kg,31500.0,Kakamega,2026-01-28,1,Product-1
Dry Maize,White Maize,-,-,Kitale Municipality Market,50.00/Kg,65.00/Kg,300.0,Trans-Nzoia,2026-01-28,1,Product-1
Dry Maize,White Maize,-,-,Kawangware,55.00/Kg,65.00/Kg,,Nairobi,2026-01-28,1,Product-1
Dry Maize,Yellow Maize,-,-,Gikomba,77.78/Kg,100.00/Kg,,Nairobi,2026-01-28,1,Product-1
Dry Maize,White Maize,-,-,Gikomba,53.33/Kg,70.00/Kg,,Nairobi,2026-01-28,1,Product-1
Dry Maize,White Maize,-,-,Kerugoya,50.00/Kg,70.00/Kg,4500.0,Kirinyaga,2026-01-27,1,Product-1
Dry Maize,Yellow Maize,-,-,Holo,-,60.00/Kg,,Kisumu,2026-01-27,1,Product-1
Dry Maize,White Maize,-,-,Holo,45.56/Kg,50.00/Kg,,Kisumu,2026-01-27,1,Product-1
Dry Maize,White Maize,-,-,Ahero,55.00/Kg,60.00/Kg,30000.0,Kisumu,2026-01-27,1,Product-1
Dry Maize,Mixed-Traditional,-,-,Ahero,55.00/Kg,60.00/Kg,5000.0,Kisumu,2026-01-27,1,Product-1
Dry Maize,Mixed-Traditional,-,-,Bondeni,50.00/Kg,60.00/Kg,500.0,Trans-Nzoia,2026-01-27,1,Product-1
Dry Maize,White Maize,-,-,Kangemi Market,46.67/Kg,70.00/Kg,,Nairobi,2026-01-27,1,Product-1
Dry Maize,White Maize,-,-,Maua,55.56/Kg,70.00/Kg,7200.0,Meru,2026-01-27,1,Product-1
Dry Maize,Mixed-Traditional,-,-,Nkubu,44.44/Kg,50.00/Kg,810.0,Meru,2026-01-27,1,Product-1
Dry Maize,Yellow Maize,-,-,Gikomba,77.78/Kg,100.00/Kg,,Nairobi,2026-01-27,1,Product-1
Dry Maize,White Maize,-,-,Gikomba,53.33/Kg,70.00/Kg,,Nairobi,2026-01-27,1,Product-1
Dry Maize,White Maize,-,-,Kapkwen,48.89/Kg,52.00/Kg,36000.0,Bomet,2026-01-27,1,Product-1
Dry Maize,White Maize,-,-,Kawangware,55.00/Kg,65.00/Kg,,Nairobi,2026-01-27,1,Product-1
Dry Maize,Mixed-Traditional,-,-,Kitale Municipality Market,40.00/Kg,44.44/Kg,400.0,Trans-Nzoia,2026-01-27,1,Product-1
Dry Maize,White Maize,-,-,Ngurubani Market,50.00/Kg,60.00/Kg,5200.0,Kirinyaga,2026-01-26,1,Product-1
Dry Maize,White Maize,-,-,Kagio,40.00/Kg,64.00/Kg,,Kirinyaga,2026-01-26,1,Product-1
Dry Maize,White Maize,-,-,Kangeta,50.00/Kg,60.00/Kg,1150.0,Meru,2026-01-26,1,Product-1
Dry Maize,Yellow Maize,-,-,Gikomba,77.78/Kg,100.00/Kg,,Nairobi,2026-01-26,1,Product-1
Dry Maize,White Maize,-,-,Gikomba,50.00/Kg,65.00/Kg,,Nairobi,2026-01-26,1,Product-1
Dry Maize,White Maize,-,-,Muhoroni,42.31/Kg,46.15/Kg,3500.0,Kisumu,2026-01-25,1,Product-1
Dry Maize,Yellow Maize,-,-,Kibuye,-,65.00/Kg,,Kisumu,2026-01-25,1,Product-1
Dry Maize,White Maize,-,-,Kibuye,53.33/Kg,55.00/Kg,,Kisumu,2026-01-25,1,Product-1
Dry Maize,White Maize,-,-,Makutano Kirinyaga,34.00/Kg,40.00/Kg,2800.0,Kirinyaga,2026-01-24,1,Product-1
Dry Maize,White Maize,-,-,Kakamega Town,40.00/Kg,50.00/Kg,30000.0,Kakamega,2026-01-24,1,Product-1
Dry Maize,White Maize,-,-,Kerugoya,55.00/Kg,70.00/Kg,4500.0,Kirinyaga,2026-01-23,1,Product-1
Dry Maize,White Maize,-,-,Ngurubani Market,40.00/Kg,45.00/Kg,6250.0,Kirinyaga,2026-01-23,1,Product-1
Dry Maize,White Maize,-,-,Ndanai Market,47.78/Kg,150.00/Kg,36000.0,Bomet,2026-01-23,1,Product-1
Dry Maize,White Maize,-,-,Gakoromone,51.11/Kg,52.22/Kg,40000.0,Meru,2026-01-23,1,Product-1
Dry Maize,White Maize,-,-,Kawangware,55.00/Kg,65.00/Kg,,Nairobi,2026-01-23,1,Product-1
Dry Maize,Yellow Maize,-,-,Gikomba,77.78/Kg,100.00/Kg,,Nairobi,2026-01-23,1,Product-1
Dry Maize,White Maize,-,-,Gikomba,50.00/Kg,65.00/Kg,,Nairobi,2026-01-23,1,Product-1
Dry Maize,White Maize,-,-,Voi Retail,-,65.00/Kg,360.0,Taita-Taveta,2026-01-23,1,Product-1
Dry Maize,White Maize,-,-,Mumias,-,54.55/Kg,,Kakamega,2026-01-23,1,Product-1
Dry Maize,Mixed-Traditional,-,-,Kitale Municipality Market,40.00/Kg,44.44/Kg,300.0,Trans-Nzoia,2026-01-23,1,Product-1
Dry Maize,White Maize,-,-,Katito,55.56/Kg,69.31/Kg,7500.0,Kisumu,2026-01-22,1,Product-1
Dry Maize,Yellow Maize,-,-,Gikomba,77.78/Kg,100.00/Kg,,Nairobi,2026-01-22,1,Product-1
Dry Maize,White Maize,-,-,Gikomba,50.00/Kg,65.00/Kg,,Nairobi,2026-01-22,1,Product-1
Dry Maize,White Maize,-,-,Kitale Municipality Market,40.00/Kg,44.44/Kg,500.0,Trans-Nzoia,2026-01-22,1,Product-1
Dry Maize,White Maize,-,-,Sabatia,42.22/Kg,50.00/Kg,13500.0,Kakamega,2026-01-21,1,Product-1
Dry Maize,White Maize,-,-,Mwingi Town,46.67/Kg,55.00/Kg,36000.0,Kitui,2026-01-21,1,Product-1
Dry Maize,White Maize,-,-,Kakamega Town,38.89/Kg,50.00/Kg,30000.0,Kakamega,2026-01-21,1,Product-1
Dry Maize,White Maize,-,-,Kangeta,50.00/Kg,60.00/Kg,1200.0,Meru,2026-01-21,1,Product-1
Dry Maize,White Maize,-,-,Ngurubani Market,50.00/Kg,60.00/Kg,6580.0,Kirinyaga,2026-01-20,1,Product-1
Dry Maize,Mixed-Traditional,-,-,Bondeni,50.00/Kg,60.00/Kg,400.0,Trans-Nzoia,2026-01-20,1,Product-1
Dry Maize,Mixed-Traditional,-,-,Kagio,46.67/Kg,64.00/Kg,,Kirinyaga,2026-01-20,1,Product-1
Dry Maize,White Maize,-,-,Musoli Market,43.33/Kg,50.00/Kg,16200.0,Kakamega,2026-01-20,1,Product-1
Dry Maize,White Maize,-,-,Maua,50.00/Kg,60.00/Kg,6300.0,Meru,2026-01-20,1,Product-1
Dry Maize,White Maize,-,-,Mogogosiek Market,41.67/Kg,54.17/Kg,10800.0,Bomet,2026-01-20,1,Product-1
Dry Maize,White Maize,-,-,Ahero,70.00/Kg,75.00/Kg,20000.0,Kisumu,2026-01-20,1,Product-1
Dry Maize,Mixed-Traditional,-,-,Ahero,70.00/Kg,75.00/Kg,4300.0,Kisumu,2026-01-20,1,Product-1
Dry Maize,Mixed-Traditional,-,-,Nkubu,44.44/Kg,50.00/Kg,630.0,Meru,2026-01-20,1,Product-1
Dry Maize,White Maize,-,-,Kitale Municipality Market,50.00/Kg,65.00/Kg,400.0,Trans-Nzoia,2026-01-20,1,Product-1
Dry Maize,White Maize,-,-,Chebunyo,50.00/Kg,60.00/Kg,18000.0,Bomet,2026-01-19,1,Product-1
Dry Maize,White Maize,-,-,Butere Livestock Market,43.33/Kg,50.00/Kg,10350.0,Kakamega,2026-01-19,1,Product-1
Dry Maize,White Maize,-,-,Kerugoya,50.00/Kg,70.00/Kg,4600.0,Kirinyaga,2026-01-19,1,Product-1
Dry Maize,White Maize,-,-,Kawangware,40.00/Kg,60.00/Kg,,Nairobi,2026-01-19,1,Product-1
Dry Maize,Yellow Maize,-,-,Gikomba,77.78/Kg,100.00/Kg,,Nairobi,2026-01-19,1,Product-1
Dry Maize,White Maize,-,-,Gikomba,50.00/Kg,65.00/Kg,,Nairobi,2026-01-19,1,Product-1
Dry Maize,White Maize,-,-,Muhoroni,44.00/Kg,48.00/Kg,3500.0,Kisumu,2026-01-18,1,Product-1
Dry Maize,White Maize,-,-,Khayega,51.11/Kg,533.33/Kg,18000.0,Kakamega,2026-01-18,1,Product-1
Dry Maize,White Maize,-,-,Makutano Embu,35.00/Kg,45.00/Kg,,Embu,2026-01-17,1,Product-1
Dry Maize,Yellow Maize,-,-,Makutano Embu,45.00/Kg,50.00/Kg,,Embu,2026-01-17,1,Product-1
Dry Maize,Yellow Maize,-,-,Makutano Kirinyaga,45.00/Kg,50.00/Kg,1200.0,Kirinyaga,2026-01-17,1,Product-1
Dry Maize,White Maize,-,-,Makutano Kirinyaga,35.00/Kg,45.00/Kg,3100.0,Kirinyaga,2026-01-17,1,Product-1
Dry Maize,White Maize,-,-,Ngurubani Market,40.00/Kg,45.00/Kg,6250.0,Kirinyaga,2026-01-16,1,Product-1
Dry Maize,White Maize,-,-,Ndanai Market,47.78/Kg,140.00/Kg,36000.0,Bomet,2026-01-16,1,Product-1
Dry Maize,White Maize,-,-,Kisasi,50.00/Kg,55.00/Kg,,Kitui,2026-01-16,1,Product-1
Dry Maize,Mixed-Traditional,-,-,Kisasi,45.00/Kg,50.00/Kg,,Kitui,2026-01-16,1,Product-1
Dry Maize,White Maize,-,-,Mumias,-,54.55/Kg,,Kakamega,2026-01-16,1,Product-1
Dry Maize,White Maize,-,-,Gakoromone,51.11/Kg,52.22/Kg,50000.0,Meru,2026-01-16,1,Product-1
Dry Maize,White Maize,-,-,Kangemi Market,4500.00/Kg,5000.00/Kg,,Nairobi,2026-01-16,1,Product-1
Dry Maize,White Maize,-,-,Katito,50.00/Kg,53.45/Kg,7500.0,Kisumu,2026-01-15,1,Product-1
Dry Maize,White Maize,-,-,Kerugoya,55.00/Kg,70.00/Kg,4500.0,Kirinyaga,2026-01-15,1,Product-1
Dry Maize,White Maize,-,-,Maua,50.00/Kg,60.00/Kg,7200.0,Meru,2026-01-15,1,Product-1
Dry Maize,Yellow Maize,-,-,Gikomba,77.78/Kg,100.00/Kg,,Nairobi,2026-01-15,1,Product-1
Dry Maize,White Maize,-,-,Gikomba,50.00/Kg,65.00/Kg,,Nairobi,2026-01-15,1,Product-1
Dry Maize,Mixed-Traditional,-,-,Mukuyu Market,100.00/Kg,75.00/Kg,,Muranga,2026-01-14,1,Product-1
Dry Maize,White Maize,-,-,Kakamega Town,38.89/Kg,50.00/Kg,20000.0,Kakamega,2026-01-14,1,Product-1
Dry Maize,White Maize,-,-,Sabatia,43.33/Kg,47.83/Kg,9900.0,Kakamega,2026-01-14,1,Product-1
Dry Maize,White Maize,-,-,Mwingi Town,51.11/Kg,55.00/Kg,27000.0,Kitui,2026-01-14,1,Product-1
Dry Maize,White Maize,-,-,Kangeta,50.00/Kg,60.00/Kg,1000.0,Meru,2026-01-14,1,Product-1
Dry Maize,White Maize,-,-,Mulot,47.78/Kg,70.00/Kg,5400.0,Bomet,2026-01-14,1,Product-1
Dry Maize,White Maize,-,-,Ngurubani Market,46.67/Kg,50.00/Kg,6500.0,Kirinyaga,2026-01-13,1,Product-1
Dry Maize,Mixed-Traditional,-,-,Ahero,60.00/Kg,65.00/Kg,20000.0,Kisumu,2026-01-13,1,Product-1
Dry Maize,Yellow Maize,-,-,Holo,-,60.00/Kg,,Kisumu,2026-01-13,1,Product-1
Dry Maize,White Maize,-,-,Holo,44.44/Kg,60.00/Kg,,Kisumu,2026-01-13,1,Product-1
Dry Maize,White Maize,-,-,Musoli Market,44.44/Kg,47.83/Kg,18000.0,Kakamega,2026-01-13,1,Product-1
Dry Maize,White Maize,-,-,Mogogosiek Market,41.67/Kg,54.17/Kg,10800.0,Bomet,2026-01-13,1,Product-1
Dry Maize,Mixed-Traditional,-,-,Nkubu,80.00/Kg,50.00/Kg,810.0,Meru,2026-01-13,1,Product-1
Dry Maize,White Maize,-,-,Butere Livestock Market,43.33/Kg,45.83/Kg,9000.0,Kakamega,2026-01-12,1,Product-1
Dry Maize,White Maize,-,-,Chebunyo,50.00/Kg,65.00/Kg,18000.0,Bomet,2026-01-12,1,Product-1
Dry Maize,White Maize,-,-,Kutus,46.00/Kg,60.00/Kg,,Kirinyaga,2026-01-12,1,Product-1
Dry Maize,White Maize,-,-,Kerugoya,50.00/Kg,70.00/Kg,4500.0,Kirinyaga,2026-01-12,1,Product-1
Dry Maize,Yellow Maize,-,-,Kibuye,-,65.00/Kg,,Kisumu,2026-01-11,1,Product-1
Dry Maize,White Maize,-,-,Kibuye,44.44/Kg,50.00/Kg,,Kisumu,2026-01-11,1,Product-1
Dry Maize,White Maize,-,-,Khayega,44.44/Kg,53.33/Kg,27000.0,Kakamega,2026-01-11,1,Product-1
Dry Maize,White Maize,-,-,Kakamega Town,38.89/Kg,50.00/Kg,50000.0,Kakamega,2026-01-10,1,Product-1
Red Sorghum,-,-,-,Khayega,120.00/Kg,130.00/Kg,200.0,Kakamega,2026-02-08,2,Product-2
Red Sorghum,-,-,-,Kibuye,-,100.00/Kg,,Kisumu,2026-02-08,2,Product-2
Red Sorghum,-,-,-,Muhoroni,60.00/Kg,72.00/Kg,1500.0,Kisumu,2026-02-08,2,Product-2
Red Sorghum,-,-,-,Makutano Embu,38.00/Kg,40.00/Kg,,Embu,2026-02-07,2,Product-2
Red Sorghum,-,-,-,Ngurubani Market,37.78/Kg,40.00/Kg,1350.0,Kirinyaga,2026-02-06,2,Product-2
Red Sorghum,-,-,-,Mumias,-,68.18/Kg,,Kakamega,2026-02-06,2,Product-2
Red Sorghum,-,-,-,Kangeta,100.00/Kg,80.00/Kg,700.0,Meru,2026-02-06,2,Product-2
Red Sorghum,-,-,-,Kawangware,77.78/Kg,120.00/Kg,,Nairobi,2026-02-06,2,Product-2
Red Sorghum,-,-,-,Gikomba,72.22/Kg,100.00/Kg,,Nairobi,2026-02-06,2,Product-2
Red Sorghum,-,-,-,Katito,75.00/Kg,82.61/Kg,2500.0,Kisumu,2026-02-05,2,Product-2
Red Sorghum,-,-,-,Kawangware,77.78/Kg,120.00/Kg,,Nairobi,2026-02-05,2,Product-2
Red Sorghum,-,-,-,Gikomba,72.22/Kg,100.00/Kg,,Nairobi,2026-02-05,2,Product-2
Red Sorghum,-,-,-,Ngurubani Market,80.00/Kg,100.00/Kg,1500.0,Kirinyaga,2026-02-04,2,Product-2
Red Sorghum,-,-,-,Kawangware,77.78/Kg,120.00/Kg,,Nairobi,2026-02-04,2,Product-2
Red Sorghum,-,-,-,Gikomba,72.22/Kg,100.00/Kg,,Nairobi,2026-02-04,2,Product-2
Red Sorghum,-,-,-,Maua,90.00/Kg,100.00/Kg,1100.0,Meru,2026-02-03,2,Product-2
Red Sorghum,-,-,-,Holo,70.00/Kg,75.00/Kg,,Kisumu,2026-02-03,2,Product-2
Red Sorghum,-,-,-,Kapkwen,75.00/Kg,90.00/Kg,1200.0,Bomet,2026-02-03,2,Product-2
Red Sorghum,-,-,-,Gikomba,72.22/Kg,100.00/Kg,,Nairobi,2026-02-03,2,Product-2
Red Sorghum,-,-,-,Kawangware,77.78/Kg,120.00/Kg,,Nairobi,2026-02-02,2,Product-2
Red Sorghum,-,-,-,Gikomba,72.22/Kg,100.00/Kg,,Nairobi,2026-02-02,2,Product-2
Red Sorghum,-,-,-,Kibuye,-,100.00/Kg,,Kisumu,2026-02-01,2,Product-2
Red Sorghum,-,-,-,Muhoroni,69.57/Kg,86.96/Kg,1000.0,Kisumu,2026-02-01,2,Product-2
Red Sorghum,-,-,-,Khayega,100.00/Kg,115.38/Kg,450.0,Kakamega,2026-02-01,2,Product-2
Red Sorghum,-,-,-,Ngurubani Market,80.00/Kg,100.00/Kg,2100.0,Kirinyaga,2026-01-31,2,Product-2
Red Sorghum,-,-,-,Kisasi,60.00/Kg,80.00/Kg,,Kitui,2026-01-30,2,Product-2
Red Sorghum,-,-,-,Mumias,-,68.18/Kg,,Kakamega,2026-01-30,2,Product-2
Red Sorghum,-,-,-,Gikomba,72.22/Kg,100.00/Kg,,Nairobi,2026-01-30,2,Product-2
Red Sorghum,-,-,-,Kitale Municipality Market,75.00/Kg,100.00/Kg,200.0,Trans-Nzoia,2026-01-30,2,Product-2
Red Sorghum,-,-,-,Kutus,78.00/Kg,90.00/Kg,,Kirinyaga,2026-01-29,2,Product-2
Red Sorghum,-,-,-,Gikomba,72.22/Kg,100.00/Kg,,Nairobi,2026-01-29,2,Product-2
Red Sorghum,-,-,-,Kawangware,77.78/Kg,120.00/Kg,,Nairobi,2026-01-29,2,Product-2
Red Sorghum,-,-,-,Kitale Municipality Market,75.00/Kg,100.00/Kg,300.0,Trans-Nzoia,2026-01-29,2,Product-2
Red Sorghum,-,-,-,Sabatia,62.22/Kg,68.18/Kg,540.0,Kakamega,2026-01-28,2,Product-2
Red Sorghum,-,-,-,Kawangware,77.78/Kg,120.00/Kg,,Nairobi,2026-01-28,2,Product-2
Red Sorghum,-,-,-,Gikomba,72.22/Kg,100.00/Kg,,Nairobi,2026-01-28,2,Product-2
Red Sorghum,-,-,-,Holo,72.22/Kg,75.00/Kg,,Kisumu,2026-01-27,2,Product-2
Red Sorghum,-,-,-,Ahero,70.00/Kg,75.00/Kg,4000.0,Kisumu,2026-01-27,2,Product-2
Red Sorghum,-,-,-,Bondeni,70.00/Kg,90.00/Kg,300.0,Trans-Nzoia,2026-01-27,2,Product-2
Red Sorghum,-,-,-,Kangemi Market,100.00/Kg,120.00/Kg,,Nairobi,2026-01-27,2,Product-2
Red Sorghum,-,-,-,Maua,90.00/Kg,100.00/Kg,1300.0,Meru,2026-01-27,2,Product-2
Red Sorghum,-,-,-,Gikomba,72.22/Kg,100.00/Kg,,Nairobi,2026-01-27,2,Product-2
Red Sorghum,-,-,-,Kawangware,77.78/Kg,120.00/Kg,,Nairobi,2026-01-27,2,Product-2
Red Sorghum,-,-,-,Kitale Municipality Market,75.00/Kg,90.00/Kg,300.0,Trans-Nzoia,2026-01-27,2,Product-2
Red Sorghum,-,-,-,Ngurubani Market,80.00/Kg,100.00/Kg,1520.0,Kirinyaga,2026-01-26,2,Product-2
Red Sorghum,-,-,-,Kangeta,70.00/Kg,80.00/Kg,650.0,Meru,2026-01-26,2,Product-2
Red Sorghum,-,-,-,Gikomba,72.22/Kg,100.00/Kg,,Nairobi,2026-01-26,2,Product-2
Red Sorghum,-,-,-,Muhoroni,75.00/Kg,100.00/Kg,1000.0,Kisumu,2026-01-25,2,Product-2
Red Sorghum,-,-,-,Kibuye,-,100.00/Kg,,Kisumu,2026-01-25,2,Product-2
Red Sorghum,-,-,-,Makutano Embu,80.00/Kg,100.00/Kg,,Embu,2026-01-24,2,Product-2
Red Sorghum,-,-,-,Makutano Kirinyaga,80.00/Kg,100.00/Kg,1020.0,Kirinyaga,2026-01-24,2,Product-2
Red Sorghum,-,-,-,Ngurubani Market,37.78/Kg,40.00/Kg,1350.0,Kirinyaga,2026-01-23,2,Product-2
Red Sorghum,-,-,-,Kawangware,77.78/Kg,120.00/Kg,,Nairobi,2026-01-23,2,Product-2
Red Sorghum,-,-,-,Gikomba,72.22/Kg,100.00/Kg,,Nairobi,2026-01-23,2,Product-2
Red Sorghum,-,-,-,Mumias,-,69.57/Kg,,Kakamega,2026-01-23,2,Product-2
Red Sorghum,-,-,-,Voi Retail,-,80.00/Kg,90.0,Taita-Taveta,2026-01-23,2,Product-2
Red Sorghum,-,-,-,Kitale Municipality Market,75.00/Kg,90.00/Kg,200.0,Trans-Nzoia,2026-01-23,2,Product-2
Red Sorghum,-,-,-,Katito,80.00/Kg,93.46/Kg,3500.0,Kisumu,2026-01-22,2,Product-2
Red Sorghum,-,-,-,Gikomba,72.22/Kg,100.00/Kg,,Nairobi,2026-01-22,2,Product-2
Red Sorghum,-,-,-,Kitale Municipality Market,61.11/Kg,68.89/Kg,300.0,Trans-Nzoia,2026-01-22,2,Product-2
Red Sorghum,-,-,-,Sabatia,62.22/Kg,68.18/Kg,630.0,Kakamega,2026-01-21,2,Product-2
Red Sorghum,-,-,-,Kangeta,70.08/Kg,80.00/Kg,600.0,Meru,2026-01-21,2,Product-2
Red Sorghum,-,-,-,Ngurubani Market,81.11/Kg,100.00/Kg,850.0,Kirinyaga,2026-01-20,2,Product-2
Red Sorghum,-,-,-,Ngurubani Market,81.11/Kg,50.00/Kg,850.0,Kirinyaga,2026-01-20,2,Product-2
Red Sorghum,-,-,-,Bondeni,75.00/Kg,90.00/Kg,300.0,Trans-Nzoia,2026-01-20,2,Product-2
Red Sorghum,-,-,-,Maua,80.00/Kg,90.00/Kg,1600.0,Meru,2026-01-20,2,Product-2
Red Sorghum,-,-,-,Ahero,75.00/Kg,80.00/Kg,3900.0,Kisumu,2026-01-20,2,Product-2
Red Sorghum,-,-,-,Kitale Municipality Market,75.00/Kg,100.00/Kg,300.0,Trans-Nzoia,2026-01-20,2,Product-2
Red Sorghum,-,-,-,Kawangware,77.78/Kg,120.00/Kg,,Nairobi,2026-01-19,2,Product-2
Red Sorghum,-,-,-,Gikomba,72.22/Kg,100.00/Kg,,Nairobi,2026-01-19,2,Product-2
Red Sorghum,-,-,-,Muhoroni,68.18/Kg,81.82/Kg,2500.0,Kisumu,2026-01-18,2,Product-2
Red Sorghum,-,-,-,Khayega,85.71/Kg,107.14/Kg,500.0,Kakamega,2026-01-18,2,Product-2
Red Sorghum,-,-,-,Makutano Embu,70.00/Kg,90.00/Kg,,Embu,2026-01-17,2,Product-2
Red Sorghum,-,-,-,Makutano Kirinyaga,70.00/Kg,90.00/Kg,900.0,Kirinyaga,2026-01-17,2,Product-2
Red Sorghum,-,-,-,Ngurubani Market,40.00/Kg,45.00/Kg,1350.0,Kirinyaga,2026-01-16,2,Product-2
Red Sorghum,-,-,-,Kisasi,80.00/Kg,90.00/Kg,,Kitui,2026-01-16,2,Product-2
Red Sorghum,-,-,-,Mumias,-,76.19/Kg,,Kakamega,2026-01-16,2,Product-2
Red Sorghum,-,-,-,Maua,80.00/Kg,90.00/Kg,1500.0,Meru,2026-01-15,2,Product-2
Red Sorghum,-,-,-,Gikomba,72.22/Kg,100.00/Kg,,Nairobi,2026-01-15,2,Product-2
Red Sorghum,-,-,-,Sabatia,62.22/Kg,68.18/Kg,450.0,Kakamega,2026-01-14,2,Product-2
Red Sorghum,-,-,-,Kangeta,70.00/Kg,80.00/Kg,500.0,Meru,2026-01-14,2,Product-2
Red Sorghum,-,-,-,Mulot,72.22/Kg,80.00/Kg,580.0,Bomet,2026-01-14,2,Product-2
Red Sorghum,-,-,-,Ngurubani Market,80.00/Kg,100.00/Kg,1350.0,Kirinyaga,2026-01-13,2,Product-2
Red Sorghum,-,-,-,Holo,60.00/Kg,75.00/Kg,,Kisumu,2026-01-13,2,Product-2
Red Sorghum,-,-,-,Musoli Market,62.22/Kg,68.18/Kg,360.0,Kakamega,2026-01-13,2,Product-2
Red Sorghum,-,-,-,Kutus,102.00/Kg,125.00/Kg,,Kirinyaga,2026-01-12,2,Product-2
Red Sorghum,-,-,-,Kibuye,-,100.00/Kg,,Kisumu,2026-01-11,2,Product-2
Red Sorghum,-,-,-,Khayega,85.71/Kg,107.14/Kg,360.0,Kakamega,2026-01-11,2,Product-2
Wheat,-,-,-,Kibuye,-,70.00/Kg,,Kisumu,2026-02-08,3,Product-3
Wheat,-,-,-,Gikomba,64.44/Kg,100.00/Kg,,Nairobi,2026-02-06,3,Product-3
Wheat,-,-,-,Gikomba,64.44/Kg,100.00/Kg,,Nairobi,2026-02-05,3,Product-3
Wheat,-,-,-,Gikomba,64.44/Kg,100.00/Kg,,Nairobi,2026-02-04,3,Product-3
Wheat,-,-,-,Maua,88.89/Kg,100.00/Kg,990.0,Meru,2026-02-03,3,Product-3
Wheat,-,-,-,Gikomba,64.44/Kg,100.00/Kg,,Nairobi,2026-02-03,3,Product-3
Wheat,-,-,-,Gikomba,64.44/Kg,100.00/Kg,,Nairobi,2026-02-02,3,Product-3
Wheat,-,-,-,Kibuye,-,65.00/Kg,,Kisumu,2026-02-01,3,Product-3
Wheat,-,-,-,Gikomba,64.44/Kg,100.00/Kg,,Nairobi,2026-01-30,3,Product-3
Wheat,-,-,-,Kitale Municipality Market,150.00/Kg,175.00/Kg,400.0,Trans-Nzoia,2026-01-30,3,Product-3
Wheat,-,-,-,Gikomba,64.44/Kg,100.00/Kg,,Nairobi,2026-01-29,3,Product-3
Wheat,-,-,-,Kitale Municipality Market,150.00/Kg,175.00/Kg,400.0,Trans-Nzoia,2026-01-29,3,Product-3
Wheat,-,-,-,Kitale Municipality Market,61.11/Kg,68.89/Kg,300.0,Trans-Nzoia,2026-01-28,3,Product-3
Wheat,-,-,-,Makutano Kirinyaga,85.00/Kg,100.00/Kg,250.0,Kirinyaga,2026-01-28,3,Product-3
Wheat,-,-,-,Gikomba,64.44/Kg,100.00/Kg,,Nairobi,2026-01-28,3,Product-3
Wheat,-,-,-,Bondeni,135.00/Kg,160.00/Kg,300.0,Trans-Nzoia,2026-01-27,3,Product-3
Wheat,-,-,-,Maua,88.89/Kg,100.00/Kg,900.0,Meru,2026-01-27,3,Product-3
Wheat,-,-,-,Gikomba,64.44/Kg,100.00/Kg,,Nairobi,2026-01-27,3,Product-3
Wheat,-,-,-,Kitale Municipality Market,125.00/Kg,160.00/Kg,400.0,Trans-Nzoia,2026-01-27,3,Product-3
Wheat,-,-,-,Gikomba,64.44/Kg,100.00/Kg,,Nairobi,2026-01-26,3,Product-3
Wheat,-,-,-,Kibuye,-,65.00/Kg,,Kisumu,2026-01-25,3,Product-3
Wheat,-,-,-,Gikomba,64.44/Kg,100.00/Kg,,Nairobi,2026-01-23,3,Product-3
Wheat,-,-,-,Kitale Municipality Market,125.00/Kg,150.00/Kg,300.0,Trans-Nzoia,2026-01-23,3,Product-3
Wheat,-,-,-,Gikomba,64.44/Kg,100.00/Kg,,Nairobi,2026-01-22,3,Product-3
Wheat,-,-,-,Kitale Municipality Market,61.11/Kg,66.67/Kg,500.0,Trans-Nzoia,2026-01-22,3,Product-3
Wheat,-,-,-,Bondeni,85.00/Kg,115.00/Kg,400.0,Trans-Nzoia,2026-01-20,3,Product-3
Wheat,-,-,-,Maua,86.67/Kg,100.00/Kg,1350.0,Meru,2026-01-20,3,Product-3
Wheat,-,-,-,Kitale Municipality Market,90.00/Kg,120.00/Kg,300.0,Trans-Nzoia,2026-01-20,3,Product-3
Wheat,-,-,-,Gikomba,64.44/Kg,100.00/Kg,,Nairobi,2026-01-19,3,Product-3
Wheat,-,-,-,Maua,86.67/Kg,100.00/Kg,900.0,Meru,2026-01-15,3,Product-3
Wheat,-,-,-,Gikomba,64.44/Kg,100.00/Kg,,Nairobi,2026-01-15,3,Product-3
Wheat,-,-,-,Kutus,87.00/Kg,100.00/Kg,,Kirinyaga,2026-01-12,3,Product-3
Wheat,-,-,-,Kibuye,-,75.00/Kg,,Kisumu,2026-01-11,3,Product-3
Rice,Pishori,-,-,Kibuye,-,175.00/Kg,,Kisumu,2026-02-08,4,Product-4
Rice,IRR,-,-,Kibuye,-,100.00/Kg,,Kisumu,2026-02-08,4,Product-4
Rice,Pishori,-,-,Makutano Embu,150.00/Kg,170.00/Kg,,Embu,2026-02-07,4,Product-4
Rice,Pishori,-,-,Makutano Embu,80.00/Kg,85.00/Kg,,Embu,2026-02-07,4,Product-4
Rice,Pishori,-,-,Ngurubani Market,150.00/Kg,170.00/Kg,145000.0,Kirinyaga,2026-02-06,4,Product-4
Rice,Pishori,-,-,Mumias,-,300.00/Kg,,Kakamega,2026-02-06,4,Product-4
Rice,IRR,-,-,Mumias,-,140.00/Kg,,Kakamega,2026-02-06,4,Product-4
Rice,Pishori,-,-,Kawangware,160.00/Kg,180.00/Kg,,Nairobi,2026-02-06,4,Product-4
Rice,Sindano,-,-,Gikomba,160.00/Kg,120.00/Kg,,Nairobi,2026-02-06,4,Product-4
Rice,Pishori,-,-,Gikomba,160.00/Kg,160.00/Kg,,Nairobi,2026-02-06,4,Product-4
Rice,Pishori,-,-,Kerugoya,155.00/Kg,180.00/Kg,2250.0,Kirinyaga,2026-02-05,4,Product-4
Rice,Sindano,-,-,Gikomba,160.00/Kg,120.00/Kg,,Nairobi,2026-02-05,4,Product-4
Rice,Pishori,-,-,Gikomba,160.00/Kg,160.00/Kg,,Nairobi,2026-02-05,4,Product-4
Rice,Pishori,-,-,Ngurubani Market,150.00/Kg,170.00/Kg,152000.0,Kirinyaga,2026-02-04,4,Product-4
Rice,Sindano,-,-,Mukuyu Market,-,160.00/Kg,,Muranga,2026-02-04,4,Product-4
Rice,IRR,-,-,Mukuyu Market,-,110.00/Kg,,Muranga,2026-02-04,4,Product-4
Rice,Pishori,-,-,Mukuyu Market,-,180.00/Kg,,Muranga,2026-02-04,4,Product-4
Rice,Sindano,-,-,Gikomba,160.00/Kg,120.00/Kg,,Nairobi,2026-02-04,4,Product-4
Rice,Pishori,-,-,Gikomba,160.00/Kg,160.00/Kg,,Nairobi,2026-02-04,4,Product-4
Rice,Pishori,-,-,Holo,172.00/Kg,250.00/Kg,,Kisumu,2026-02-03,4,Product-4
Rice,Pishori,-,-,Kerugoya,155.00/Kg,180.00/Kg,2300.0,Kirinyaga,2026-02-03,4,Product-4
Rice,Sindano,-,-,Kangemi Market,-,160.00/Kg,,Nairobi,2026-02-03,4,Product-4
Rice,Sindano,-,-,Gikomba,160.00/Kg,120.00/Kg,,Nairobi,2026-02-03,4,Product-4
Rice,Pishori,-,-,Gikomba,160.00/Kg,160.00/Kg,,Nairobi,2026-02-03,4,Product-4
Rice,Pishori,-,-,Kawangware,160.00/Kg,180.00/Kg,,Nairobi,2026-02-02,4,Product-4
Rice,Sindano,-,-,Gikomba,160.00/Kg,120.00/Kg,,Nairobi,2026-02-02,4,Product-4
Rice,Pishori,-,-,Gikomba,160.00/Kg,160.00/Kg,,Nairobi,2026-02-02,4,Product-4
Rice,Pishori,-,-,Kibuye,-,175.00/Kg,,Kisumu,2026-02-01,4,Product-4
Rice,IRR,-,-,Kibuye,-,100.00/Kg,,Kisumu,2026-02-01,4,Product-4
Rice,Pishori,-,-,Ngurubani Market,150.00/Kg,170.00/Kg,135000.0,Kirinyaga,2026-01-31,4,Product-4
Rice,Pishori,-,-,Mumias,-,240.00/Kg,,Kakamega,2026-01-30,4,Product-4
Rice,IRR,-,-,Mumias,-,140.00/Kg,,Kakamega,2026-01-30,4,Product-4
Rice,Pishori,-,-,Kagio,140.00/Kg,170.00/Kg,,Kirinyaga,2026-01-30,4,Product-4
Rice,IRR,-,-,Kagio,80.00/Kg,120.00/Kg,,Kirinyaga,2026-01-30,4,Product-4
Rice,Sindano,-,-,Gikomba,160.00/Kg,120.00/Kg,,Nairobi,2026-01-30,4,Product-4
Rice,Pishori,-,-,Gikomba,160.00/Kg,160.00/Kg,,Nairobi,2026-01-30,4,Product-4
Rice,Sindano,-,-,Kitale Municipality Market,180.00/Kg,200.00/Kg,400.0,Trans-Nzoia,2026-01-30,4,Product-4
Rice,Pishori,-,-,Kitale Municipality Market,150.00/Kg,170.00/Kg,300.0,Trans-Nzoia,2026-01-30,4,Product-4
Rice,IRR,-,-,Kitale Municipality Market,84.00/Kg,108.00/Kg,500.0,Trans-Nzoia,2026-01-30,4,Product-4
Rice,Pishori,-,-,Kutus,160.00/Kg,170.00/Kg,,Kirinyaga,2026-01-29,4,Product-4
Rice,Pishori,-,-,Kerugoya,155.00/Kg,180.00/Kg,2300.0,Kirinyaga,2026-01-29,4,Product-4
Rice,Sindano,-,-,Gikomba,160.00/Kg,120.00/Kg,,Nairobi,2026-01-29,4,Product-4
Rice,Pishori,-,-,Gikomba,160.00/Kg,160.00/Kg,,Nairobi,2026-01-29,4,Product-4
Rice,Pishori,-,-,Kawangware,160.00/Kg,180.00/Kg,,Nairobi,2026-01-29,4,Product-4
Rice,Pishori,-,-,Kawangware,160.00/Kg,180.00/Kg,,Nairobi,2026-01-29,4,Product-4
Rice,IRR,-,-,Kitale Municipality Market,80.00/Kg,108.00/Kg,500.0,Trans-Nzoia,2026-01-29,4,Product-4
Rice,IRR,-,-,Sabatia,108.00/Kg,152.17/Kg,2125.0,Kakamega,2026-01-28,4,Product-4
Rice,Sindano,-,-,Kitale Municipality Market,180.00/Kg,200.00/Kg,500.0,Trans-Nzoia,2026-01-28,4,Product-4
Rice,Pishori,-,-,Kitale Municipality Market,150.00/Kg,170.00/Kg,400.0,Trans-Nzoia,2026-01-28,4,Product-4
Rice,Pishori,-,-,Makutano Kirinyaga,140.00/Kg,170.00/Kg,950.0,Kirinyaga,2026-01-28,4,Product-4
Rice,Pishori,-,-,Kawangware,160.00/Kg,180.00/Kg,,Nairobi,2026-01-28,4,Product-4
Rice,Sindano,-,-,Gikomba,160.00/Kg,120.00/Kg,,Nairobi,2026-01-28,4,Product-4
Rice,Pishori,-,-,Gikomba,160.00/Kg,160.00/Kg,,Nairobi,2026-01-28,4,Product-4
Rice,Pishori,-,-,Kerugoya,155.00/Kg,180.00/Kg,2300.0,Kirinyaga,2026-01-27,4,Product-4
Rice,Pishori,-,-,Holo,172.00/Kg,250.00/Kg,,Kisumu,2026-01-27,4,Product-4
Rice,IRR,-,-,Ahero,150.00/Kg,165.00/Kg,9000.0,Kisumu,2026-01-27,4,Product-4
Rice,Pishori,-,-,Bondeni,128.00/Kg,152.00/Kg,400.0,Trans-Nzoia,2026-01-27,4,Product-4
Rice,IRR,-,-,Bondeni,80.00/Kg,108.00/Kg,500.0,Trans-Nzoia,2026-01-27,4,Product-4
Rice,Pishori,-,-,Kangemi Market,165.00/Kg,210.00/Kg,,Nairobi,2026-01-27,4,Product-4
Rice,Pishori,-,-,Maua,160.00/Kg,180.00/Kg,6000.0,Meru,2026-01-27,4,Product-4
Rice,Sindano,-,-,Maua,140.00/Kg,160.00/Kg,3000.0,Meru,2026-01-27,4,Product-4
Rice,Sindano,-,-,Gikomba,160.00/Kg,120.00/Kg,,Nairobi,2026-01-27,4,Product-4
Rice,Pishori,-,-,Gikomba,160.00/Kg,160.00/Kg,,Nairobi,2026-01-27,4,Product-4
Rice,Pishori,-,-,Kawangware,160.00/Kg,180.00/Kg,,Nairobi,2026-01-27,4,Product-4
Rice,Pishori,-,-,Kitale Municipality Market,150.00/Kg,175.00/Kg,300.0,Trans-Nzoia,2026-01-27,4,Product-4
Rice,IRR,-,-,Kitale Municipality Market,180.00/Kg,200.00/Kg,200.0,Trans-Nzoia,2026-01-27,4,Product-4
Rice,IRR,-,-,Kitale Municipality Market,160.00/Kg,180.00/Kg,300.0,Trans-Nzoia,2026-01-27,4,Product-4
Rice,Pishori,-,-,Ngurubani Market,150.00/Kg,170.00/Kg,135000.0,Kirinyaga,2026-01-26,4,Product-4
Rice,IRR,-,-,Kagio,80.00/Kg,120.00/Kg,,Kirinyaga,2026-01-26,4,Product-4
Rice,Pishori,-,-,Kagio,140.00/Kg,170.00/Kg,,Kirinyaga,2026-01-26,4,Product-4
Rice,Sindano,-,-,Gikomba,160.00/Kg,160.00/Kg,,Nairobi,2026-01-26,4,Product-4
Rice,Pishori,-,-,Gikomba,160.00/Kg,180.00/Kg,,Nairobi,2026-01-26,4,Product-4
Rice,Pishori,-,-,Kibuye,-,175.00/Kg,,Kisumu,2026-01-25,4,Product-4
Rice,IRR,-,-,Kibuye,-,110.00/Kg,,Kisumu,2026-01-25,4,Product-4
Rice,Pishori,-,-,Makutano Embu,150.00/Kg,170.00/Kg,,Embu,2026-01-24,4,Product-4
Rice,Pishori,-,-,Makutano Kirinyaga,150.00/Kg,170.00/Kg,2800.0,Kirinyaga,2026-01-24,4,Product-4
Rice,Pishori,-,-,Kerugoya,150.00/Kg,180.00/Kg,2300.0,Kirinyaga,2026-01-23,4,Product-4
Rice,Pishori,-,-,Ngurubani Market,150.00/Kg,170.00/Kg,145000.0,Kirinyaga,2026-01-23,4,Product-4
Rice,Pishori,-,-,Kawangware,160.00/Kg,180.00/Kg,,Nairobi,2026-01-23,4,Product-4
Rice,Sindano,-,-,Gikomba,160.00/Kg,160.00/Kg,,Nairobi,2026-01-23,4,Product-4
Rice,Pishori,-,-,Gikomba,160.00/Kg,180.00/Kg,,Nairobi,2026-01-23,4,Product-4
Rice,Pishori,-,-,Mumias,-,360.00/Kg,,Kakamega,2026-01-23,4,Product-4
Rice,IRR,-,-,Mumias,-,130.00/Kg,,Kakamega,2026-01-23,4,Product-4
Rice,Sindano,-,-,Kitale Municipality Market,180.00/Kg,200.00/Kg,500.0,Trans-Nzoia,2026-01-23,4,Product-4
Rice,Pishori,-,-,Kitale Municipality Market,150.00/Kg,170.00/Kg,400.0,Trans-Nzoia,2026-01-23,4,Product-4
Rice,IRR,-,-,Kitale Municipality Market,130.00/Kg,150.00/Kg,400.0,Trans-Nzoia,2026-01-23,4,Product-4
Rice,Pishori,-,-,Katito,175.00/Kg,178.57/Kg,6500.0,Kisumu,2026-01-22,4,Product-4
Rice,IRR,-,-,Katito,125.00/Kg,158.37/Kg,8500.0,Kisumu,2026-01-22,4,Product-4
Rice,Sindano,-,-,Gikomba,160.00/Kg,160.00/Kg,,Nairobi,2026-01-22,4,Product-4
Rice,Pishori,-,-,Gikomba,160.00/Kg,180.00/Kg,,Nairobi,2026-01-22,4,Product-4
Rice,Sindano,-,-,Kitale Municipality Market,120.00/Kg,152.00/Kg,300.0,Trans-Nzoia,2026-01-22,4,Product-4
Rice,Pishori,-,-,Kitale Municipality Market,150.00/Kg,175.00/Kg,400.0,Trans-Nzoia,2026-01-22,4,Product-4
Rice,IRR,-,-,Kitale Municipality Market,80.00/Kg,112.00/Kg,500.0,Trans-Nzoia,2026-01-22,4,Product-4
Rice,Sindano,-,-,Mwingi Town,152.00/Kg,170.00/Kg,5000.0,Kitui,2026-01-21,4,Product-4
Rice,Pishori,-,-,Mwingi Town,190.00/Kg,220.00/Kg,3000.0,Kitui,2026-01-21,4,Product-4
Rice,Pishori,-,-,Ngurubani Market,150.00/Kg,170.00/Kg,152000.0,Kirinyaga,2026-01-20,4,Product-4
Rice,Pishori,-,-,Bondeni,120.00/Kg,144.00/Kg,500.0,Trans-Nzoia,2026-01-20,4,Product-4
Rice,IRR,-,-,Bondeni,80.00/Kg,104.00/Kg,500.0,Trans-Nzoia,2026-01-20,4,Product-4
Rice,Pishori,-,-,Maua,160.00/Kg,180.00/Kg,6000.0,Meru,2026-01-20,4,Product-4
Rice,Sindano,-,-,Maua,140.00/Kg,160.00/Kg,3900.0,Meru,2026-01-20,4,Product-4
Rice,Pishori,-,-,Kagio,140.00/Kg,170.00/Kg,,Kirinyaga,2026-01-20,4,Product-4
Rice,IRR,-,-,Kagio,80.00/Kg,120.00/Kg,,Kirinyaga,2026-01-20,4,Product-4
Rice,Pishori,-,-,Ahero,165.00/Kg,175.00/Kg,1500.0,Kisumu,2026-01-20,4,Product-4
Rice,IRR,-,-,Ahero,150.00/Kg,165.00/Kg,7000.0,Kisumu,2026-01-20,4,Product-4
Rice,Pishori,-,-,Kitale Municipality Market,120.00/Kg,140.00/Kg,500.0,Trans-Nzoia,2026-01-20,4,Product-4
Rice,Sindano,-,-,Kitale Municipality Market,160.00/Kg,180.00/Kg,400.0,Trans-Nzoia,2026-01-20,4,Product-4
Rice,IRR,-,-,Kitale Municipality Market,100.00/Kg,120.00/Kg,300.0,Trans-Nzoia,2026-01-20,4,Product-4
Rice,IRR,-,-,Butere Livestock Market,108.00/Kg,152.17/Kg,2000.0,Kakamega,2026-01-19,4,Product-4
Rice,Pishori,-,-,Kerugoya,155.00/Kg,180.00/Kg,2300.0,Kirinyaga,2026-01-19,4,Product-4
Rice,Pishori,-,-,Kawangware,160.00/Kg,180.00/Kg,,Nairobi,2026-01-19,4,Product-4
Rice,Sindano,-,-,Gikomba,160.00/Kg,160.00/Kg,,Nairobi,2026-01-19,4,Product-4
Rice,Sindano,-,-,Gikomba,160.00/Kg,160.00/Kg,,Nairobi,2026-01-19,4,Product-4
Rice,Pishori,-,-,Gikomba,160.00/Kg,180.00/Kg,,Nairobi,2026-01-19,4,Product-4
Rice,Pishori,-,-,Makutano Embu,140.00/Kg,160.00/Kg,,Embu,2026-01-17,4,Product-4
Rice,Pishori,-,-,Makutano Kirinyaga,140.00/Kg,160.00/Kg,1300.0,Kirinyaga,2026-01-17,4,Product-4
Rice,IRR,-,-,Mumias,-,130.00/Kg,,Kakamega,2026-01-16,4,Product-4
Rice,Pishori,-,-,Mumias,-,300.00/Kg,,Kakamega,2026-01-16,4,Product-4
Rice,Pishori,-,-,Kangemi Market,150.00/Kg,170.00/Kg,,Nairobi,2026-01-16,4,Product-4
Rice,IRR,-,-,Katito,300.00/Kg,205.64/Kg,5500.0,Kisumu,2026-01-15,4,Product-4
Rice,Pishori,-,-,Kerugoya,150.00/Kg,180.00/Kg,2200.0,Kirinyaga,2026-01-15,4,Product-4
Rice,Pishori,-,-,Maua,160.00/Kg,150.00/Kg,6000.0,Meru,2026-01-15,4,Product-4
Rice,Sindano,-,-,Maua,140.00/Kg,160.00/Kg,3800.0,Meru,2026-01-15,4,Product-4
Rice,Sindano,-,-,Gikomba,160.00/Kg,160.00/Kg,,Nairobi,2026-01-15,4,Product-4
Rice,Pishori,-,-,Gikomba,160.00/Kg,180.00/Kg,,Nairobi,2026-01-15,4,Product-4
Rice,Pishori,-,-,Ngurubani Market,150.00/Kg,170.00/Kg,135000.0,Kirinyaga,2026-01-13,4,Product-4
Rice,Pishori,-,-,Holo,172.00/Kg,250.00/Kg,,Kisumu,2026-01-13,4,Product-4
Rice,IRR,-,-,Butere Livestock Market,104.00/Kg,152.17/Kg,2500.0,Kakamega,2026-01-12,4,Product-4
Rice,Pishori,-,-,Kutus,160.00/Kg,170.00/Kg,,Kirinyaga,2026-01-12,4,Product-4
Rice,Pishori,-,-,Kerugoya,150.00/Kg,180.00/Kg,2200.0,Kirinyaga,2026-01-12,4,Product-4
Rice,Pishori,-,-,Kibuye,-,175.00/Kg,,Kisumu,2026-01-11,4,Product-4
Rice,IRR,-,-,Kibuye,-,100.00/Kg,,Kisumu,2026-01-11,4,Product-4
Green Grams,Local-Special,-,-,Khayega,112.50/Kg,125.00/Kg,900.0,Kakamega,2026-02-08,10,Product-10
Green Grams,Makueni,-,-,Kibuye,-,175.00/Kg,,Kisumu,2026-02-08,10,Product-10
Green Grams,Local-Special,-,-,Kibuye,-,125.00/Kg,,Kisumu,2026-02-08,10,Product-10
Green Grams,Hybrid/ polished,-,-,Kibuye,-,225.00/Kg,,Kisumu,2026-02-08,10,Product-10
Green Grams,Local-Special,-,-,Muhoroni,100.00/Kg,125.00/Kg,2000.0,Kisumu,2026-02-08,10,Product-10
Green Grams,Hybrid/ polished,-,-,Muhoroni,140.00/Kg,175.00/Kg,1500.0,Kisumu,2026-02-08,10,Product-10
Green Grams,Hybrid/ polished,-,-,Makutano Embu,189.00/Kg,275.00/Kg,,Embu,2026-02-07,10,Product-10
Green Grams,Makueni,-,-,Ngurubani Market,188.89/Kg,275.00/Kg,1800.0,Kirinyaga,2026-02-06,10,Product-10
Green Grams,Local-Special,-,-,Kangeta,140.00/Kg,150.00/Kg,500.0,Meru,2026-02-06,10,Product-10
Green Grams,Local-Special,-,-,Mumias,-,141.67/Kg,,Kakamega,2026-02-06,10,Product-10
Green Grams,Hybrid/ polished,-,-,Mumias,-,190.00/Kg,,Kakamega,2026-02-06,10,Product-10
Green Grams,Makueni,-,-,Gikomba,100.00/Kg,200.00/Kg,,Nairobi,2026-02-06,10,Product-10
Green Grams,Makueni,-,-,Kawangware,125.00/Kg,145.00/Kg,,Nairobi,2026-02-06,10,Product-10
Green Grams,Local-Special,-,-,Katito,150.00/Kg,142.86/Kg,3500.0,Kisumu,2026-02-05,10,Product-10
Green Grams,Makueni,-,-,Kerugoya,135.00/Kg,180.00/Kg,1650.0,Kirinyaga,2026-02-05,10,Product-10
Green Grams,Local-Special,-,-,Kerugoya,125.00/Kg,160.00/Kg,1600.0,Kirinyaga,2026-02-05,10,Product-10
Green Grams,Hybrid/ polished,-,-,Kerugoya,120.00/Kg,150.00/Kg,1500.0,Kirinyaga,2026-02-05,10,Product-10
Green Grams,Makueni,-,-,Kawangware,125.00/Kg,145.00/Kg,,Nairobi,2026-02-05,10,Product-10
Green Grams,Makueni,-,-,Gikomba,100.00/Kg,200.00/Kg,,Nairobi,2026-02-05,10,Product-10
Green Grams,Hybrid/ polished,-,-,Ngurubani Market,102.22/Kg,160.00/Kg,3200.0,Kirinyaga,2026-02-04,10,Product-10
Green Grams,Makueni,-,-,Kawangware,125.00/Kg,145.00/Kg,,Nairobi,2026-02-04,10,Product-10
Green Grams,Makueni,-,-,Gikomba,100.00/Kg,200.00/Kg,,Nairobi,2026-02-04,10,Product-10
Green Grams,Hybrid/ polished,-,-,Maua,144.44/Kg,160.00/Kg,9000.0,Meru,2026-02-03,10,Product-10
Green Grams,Local-Special,-,-,Holo,175.00/Kg,200.00/Kg,,Kisumu,2026-02-03,10,Product-10
Green Grams,Hybrid/ polished,-,-,Holo,200.00/Kg,225.00/Kg,,Kisumu,2026-02-03,10,Product-10
Green Grams,Makueni,-,-,Kerugoya,135.00/Kg,180.00/Kg,1600.0,Kirinyaga,2026-02-03,10,Product-10
Green Grams,Local-Special,-,-,Kerugoya,125.00/Kg,165.00/Kg,1600.0,Kirinyaga,2026-02-03,10,Product-10
Green Grams,Hybrid/ polished,-,-,Kerugoya,130.00/Kg,175.00/Kg,1500.0,Kirinyaga,2026-02-03,10,Product-10
Green Grams,Hybrid/ polished,-,-,Nkubu,144.44/Kg,150.00/Kg,720.0,Meru,2026-02-03,10,Product-10
Green Grams,Makueni,-,-,Gikomba,100.00/Kg,200.00/Kg,,Nairobi,2026-02-03,10,Product-10
Green Grams,Local-Special,-,-,Voi Retail,-,180.00/Kg,180.0,Taita-Taveta,2026-02-03,10,Product-10
Green Grams,Makueni,-,-,Kawangware,125.00/Kg,145.00/Kg,,Nairobi,2026-02-02,10,Product-10
Green Grams,Makueni,-,-,Gikomba,100.00/Kg,200.00/Kg,,Nairobi,2026-02-02,10,Product-10
Green Grams,Makueni,-,-,Kibuye,-,175.00/Kg,,Kisumu,2026-02-01,10,Product-10
Green Grams,Local-Special,-,-,Kibuye,-,125.00/Kg,,Kisumu,2026-02-01,10,Product-10
Green Grams,Hybrid/ polished,-,-,Kibuye,-,210.00/Kg,,Kisumu,2026-02-01,10,Product-10
Green Grams,Hybrid/ polished,-,-,Muhoroni,175.00/Kg,190.00/Kg,1200.0,Kisumu,2026-02-01,10,Product-10
Green Grams,Local-Special,-,-,Khayega,117.39/Kg,130.43/Kg,2000.0,Kakamega,2026-02-01,10,Product-10
Green Grams,Hybrid/ polished,-,-,Makutano Embu,100.00/Kg,165.00/Kg,,Embu,2026-01-31,10,Product-10
Green Grams,Hybrid/ polished,-,-,Ngurubani Market,100.00/Kg,165.00/Kg,2580.0,Kirinyaga,2026-01-31,10,Product-10
Green Grams,Local-Special,-,-,Mumias,-,152.00/Kg,,Kakamega,2026-01-30,10,Product-10
Green Grams,Hybrid/ polished,-,-,Mumias,-,170.00/Kg,,Kakamega,2026-01-30,10,Product-10
Green Grams,Makueni,-,-,Kawangware,125.00/Kg,145.00/Kg,,Nairobi,2026-01-30,10,Product-10
Green Grams,Makueni,-,-,Gikomba,100.00/Kg,200.00/Kg,,Nairobi,2026-01-30,10,Product-10
Green Grams,Local-Special,-,-,Kitale Municipality Market,150.00/Kg,175.00/Kg,400.0,Trans-Nzoia,2026-01-30,10,Product-10
Green Grams,Makueni,-,-,Kutus,167.00/Kg,200.00/Kg,,Kirinyaga,2026-01-29,10,Product-10
Green Grams,Hybrid/ polished,-,-,Kutus,155.00/Kg,175.00/Kg,,Kirinyaga,2026-01-29,10,Product-10
Green Grams,Makueni,-,-,Kerugoya,95.00/Kg,145.00/Kg,1700.0,Kirinyaga,2026-01-29,10,Product-10
Green Grams,Local-Special,-,-,Kerugoya,120.00/Kg,150.00/Kg,1600.0,Kirinyaga,2026-01-29,10,Product-10
Green Grams,Makueni,-,-,Gikomba,100.00/Kg,200.00/Kg,,Nairobi,2026-01-29,10,Product-10
Green Grams,Makueni,-,-,Kawangware,125.00/Kg,145.00/Kg,,Nairobi,2026-01-29,10,Product-10
Green Grams,Hybrid/ polished,-,-,Kitale Municipality Market,150.00/Kg,175.00/Kg,300.0,Trans-Nzoia,2026-01-29,10,Product-10
Green Grams,Makueni,-,-,Kitale Municipality Market,175.00/Kg,200.00/Kg,400.0,Trans-Nzoia,2026-01-29,10,Product-10
Green Grams,Local-Special,-,-,Sabatia,111.11/Kg,121.74/Kg,900.0,Kakamega,2026-01-28,10,Product-10
Green Grams,Local-Special,-,-,Kitale Municipality Market,150.00/Kg,175.00/Kg,400.0,Trans-Nzoia,2026-01-28,10,Product-10
Green Grams,Hybrid/ polished,-,-,Makutano Kirinyaga,100.00/Kg,120.00/Kg,1600.0,Kirinyaga,2026-01-28,10,Product-10
Green Grams,Makueni,-,-,Kawangware,125.00/Kg,145.00/Kg,,Nairobi,2026-01-28,10,Product-10
Green Grams,Makueni,-,-,Gikomba,105.56/Kg,200.00/Kg,,Nairobi,2026-01-28,10,Product-10
Green Grams,Makueni,-,-,Kerugoya,120.00/Kg,150.00/Kg,1600.0,Kirinyaga,2026-01-27,10,Product-10
Green Grams,Hybrid/ polished,-,-,Kerugoya,120.00/Kg,150.00/Kg,1600.0,Kirinyaga,2026-01-27,10,Product-10
Green Grams,Hybrid/ polished,-,-,Kerugoya,120.00/Kg,160.00/Kg,1500.0,Kirinyaga,2026-01-27,10,Product-10
Green Grams,Local-Special,-,-,Holo,175.00/Kg,200.00/Kg,,Kisumu,2026-01-27,10,Product-10
Green Grams,Hybrid/ polished,-,-,Holo,200.00/Kg,225.00/Kg,,Kisumu,2026-01-27,10,Product-10
Green Grams,Hybrid/ polished,-,-,Ahero,150.00/Kg,160.00/Kg,3600.0,Kisumu,2026-01-27,10,Product-10
Green Grams,Makueni,-,-,Bondeni,175.00/Kg,200.00/Kg,200.0,Trans-Nzoia,2026-01-27,10,Product-10
Green Grams,Hybrid/ polished,-,-,Bondeni,150.00/Kg,175.00/Kg,400.0,Trans-Nzoia,2026-01-27,10,Product-10
Green Grams,Makueni,-,-,Kangemi Market,188.89/Kg,210.00/Kg,,Nairobi,2026-01-27,10,Product-10
Green Grams,Makueni,-,-,Gikomba,144.44/Kg,200.00/Kg,,Nairobi,2026-01-27,10,Product-10
Green Grams,Hybrid/ polished,-,-,Nkubu,144.44/Kg,150.00/Kg,900.0,Meru,2026-01-27,10,Product-10
Green Grams,Hybrid/ polished,-,-,Kitale Municipality Market,150.00/Kg,175.00/Kg,400.0,Trans-Nzoia,2026-01-27,10,Product-10
Green Grams,Hybrid/ polished,-,-,Ngurubani Market,102.22/Kg,165.00/Kg,3200.0,Kirinyaga,2026-01-26,10,Product-10
Green Grams,Local-Special,-,-,Kangeta,130.00/Kg,140.00/Kg,450.0,Meru,2026-01-26,10,Product-10
Green Grams,Makueni,-,-,Gikomba,100.00/Kg,200.00/Kg,,Nairobi,2026-01-26,10,Product-10
Green Grams,Hybrid/ polished,-,-,Muhoroni,150.00/Kg,175.00/Kg,1200.0,Kisumu,2026-01-25,10,Product-10
Green Grams,Local-Special,-,-,Muhoroni,100.00/Kg,125.00/Kg,2000.0,Kisumu,2026-01-25,10,Product-10
Green Grams,Makueni,-,-,Kibuye,-,160.00/Kg,,Kisumu,2026-01-25,10,Product-10
Green Grams,Local-Special,-,-,Kibuye,-,125.00/Kg,,Kisumu,2026-01-25,10,Product-10
Green Grams,Hybrid/ polished,-,-,Kibuye,-,200.00/Kg,,Kisumu,2026-01-25,10,Product-10
Green Grams,Makueni,-,-,Kerugoya,120.00/Kg,150.00/Kg,1700.0,Kirinyaga,2026-01-23,10,Product-10
Green Grams,Hybrid/ polished,-,-,Kerugoya,120.00/Kg,150.00/Kg,1650.0,Kirinyaga,2026-01-23,10,Product-10
Green Grams,Hybrid/ polished,-,-,Kerugoya,130.00/Kg,160.00/Kg,1500.0,Kirinyaga,2026-01-23,10,Product-10
Green Grams,Makueni,-,-,Gikomba,100.00/Kg,200.00/Kg,,Nairobi,2026-01-23,10,Product-10
Green Grams,Local-Special,-,-,Mumias,-,120.00/Kg,,Kakamega,2026-01-23,10,Product-10
Green Grams,Hybrid/ polished,-,-,Mumias,-,180.00/Kg,,Kakamega,2026-01-23,10,Product-10
Green Grams,Makueni,-,-,Kitale Municipality Market,175.00/Kg,200.00/Kg,300.0,Trans-Nzoia,2026-01-23,10,Product-10
Green Grams,Hybrid/ polished,-,-,Kitale Municipality Market,150.00/Kg,175.00/Kg,400.0,Trans-Nzoia,2026-01-23,10,Product-10
Green Grams,Local-Special,-,-,Katito,173.33/Kg,180.95/Kg,3800.0,Kisumu,2026-01-22,10,Product-10
Green Grams,Makueni,-,-,Gikomba,100.00/Kg,200.00/Kg,,Nairobi,2026-01-22,10,Product-10
Green Grams,Makueni,-,-,Kitale Municipality Market,175.00/Kg,200.00/Kg,300.0,Trans-Nzoia,2026-01-22,10,Product-10
Green Grams,Hybrid/ polished,-,-,Kitale Municipality Market,150.00/Kg,175.00/Kg,400.0,Trans-Nzoia,2026-01-22,10,Product-10
Green Grams,Hybrid/ polished,-,-,Mukuyu Market,-,150.00/Kg,,Muranga,2026-01-21,10,Product-10
Green Grams,Local-Special,-,-,Sabatia,111.11/Kg,121.74/Kg,900.0,Kakamega,2026-01-21,10,Product-10
Green Grams,Local-Special,-,-,Kangeta,130.00/Kg,140.00/Kg,400.0,Meru,2026-01-21,10,Product-10
Green Grams,Makueni,-,-,Kawangware,125.00/Kg,145.00/Kg,,Nairobi,2026-01-21,10,Product-10
Green Grams,Makueni,-,-,Kitale Municipality Market,160.00/Kg,190.00/Kg,300.0,Trans-Nzoia,2026-01-21,10,Product-10
Green Grams,Hybrid/ polished,-,-,Kitale Municipality Market,150.00/Kg,175.00/Kg,300.0,Trans-Nzoia,2026-01-21,10,Product-10
Green Grams,Hybrid/ polished,-,-,Ngurubani Market,102.22/Kg,155.00/Kg,2580.0,Kirinyaga,2026-01-20,10,Product-10
Green Grams,Hybrid/ polished,-,-,Maua,138.89/Kg,150.00/Kg,6300.0,Meru,2026-01-20,10,Product-10
Green Grams,Hybrid/ polished,-,-,Kagio,160.00/Kg,200.00/Kg,,Kirinyaga,2026-01-20,10,Product-10
Green Grams,Hybrid/ polished,-,-,Bondeni,150.00/Kg,180.00/Kg,300.0,Trans-Nzoia,2026-01-20,10,Product-10
Green Grams,Hybrid/ polished,-,-,Ahero,150.00/Kg,160.00/Kg,2500.0,Kisumu,2026-01-20,10,Product-10
Green Grams,Hybrid/ polished,-,-,Nkubu,111.11/Kg,130.00/Kg,810.0,Meru,2026-01-20,10,Product-10
Green Grams,Hybrid/ polished,-,-,Kitale Municipality Market,150.00/Kg,175.00/Kg,300.0,Trans-Nzoia,2026-01-20,10,Product-10
Green Grams,Makueni,-,-,Kerugoya,120.00/Kg,150.00/Kg,1700.0,Kirinyaga,2026-01-19,10,Product-10
Green Grams,Local-Special,-,-,Kerugoya,120.00/Kg,150.00/Kg,1600.0,Kirinyaga,2026-01-19,10,Product-10
Green Grams,Hybrid/ polished,-,-,Kerugoya,125.00/Kg,160.00/Kg,1500.0,Kirinyaga,2026-01-19,10,Product-10
Green Grams,Makueni,-,-,Gikomba,100.00/Kg,200.00/Kg,,Nairobi,2026-01-19,10,Product-10
Green Grams,Hybrid/ polished,-,-,Muhoroni,140.00/Kg,175.00/Kg,3000.0,Kisumu,2026-01-18,10,Product-10
Green Grams,Local-Special,-,-,Khayega,117.39/Kg,130.43/Kg,900.0,Kakamega,2026-01-18,10,Product-10
Green Grams,Local-Special,-,-,Kisasi,80.00/Kg,100.00/Kg,,Kitui,2026-01-16,10,Product-10
Green Grams,Hybrid/ polished,-,-,Kisasi,90.00/Kg,120.00/Kg,,Kitui,2026-01-16,10,Product-10
Green Grams,Makueni,-,-,Kangemi Market,161.11/Kg,170.00/Kg,,Nairobi,2026-01-16,10,Product-10
Green Grams,Local-Special,-,-,Mumias,-,120.00/Kg,,Kakamega,2026-01-16,10,Product-10
Green Grams,Hybrid/ polished,-,-,Mumias,-,180.00/Kg,,Kakamega,2026-01-16,10,Product-10
Green Grams,Local-Special,-,-,Katito,150.00/Kg,154.05/Kg,3500.0,Kisumu,2026-01-15,10,Product-10
Green Grams,Makueni,-,-,Kerugoya,130.00/Kg,175.00/Kg,1600.0,Kirinyaga,2026-01-15,10,Product-10
Green Grams,Local-Special,-,-,Kerugoya,120.00/Kg,150.00/Kg,1550.0,Kirinyaga,2026-01-15,10,Product-10
Green Grams,Hybrid/ polished,-,-,Maua,138.89/Kg,150.00/Kg,9000.0,Meru,2026-01-15,10,Product-10
Green Grams,Makueni,-,-,Gikomba,144.44/Kg,200.00/Kg,,Nairobi,2026-01-15,10,Product-10
Green Grams,Hybrid/ polished,-,-,Mukuyu Market,-,150.00/Kg,,Muranga,2026-01-14,10,Product-10
Green Grams,Local-Special,-,-,Sabatia,111.11/Kg,121.74/Kg,840.0,Kakamega,2026-01-14,10,Product-10
Green Grams,Local-Special,-,-,Kangeta,130.00/Kg,140.00/Kg,400.0,Meru,2026-01-14,10,Product-10
Green Grams,Hybrid/ polished,-,-,Ngurubani Market,102.22/Kg,160.00/Kg,2150.0,Kirinyaga,2026-01-13,10,Product-10
Green Grams,Hybrid/ polished,-,-,Ahero,175.00/Kg,190.00/Kg,6900.0,Kisumu,2026-01-13,10,Product-10
Green Grams,Local-Special,-,-,Holo,175.00/Kg,200.00/Kg,,Kisumu,2026-01-13,10,Product-10
Green Grams,Hybrid/ polished,-,-,Holo,200.00/Kg,225.00/Kg,,Kisumu,2026-01-13,10,Product-10
Green Grams,Local-Special,-,-,Musoli Market,124.44/Kg,125.00/Kg,450.0,Kakamega,2026-01-13,10,Product-10
Green Grams,Hybrid/ polished,-,-,Nkubu,111.11/Kg,130.00/Kg,720.0,Meru,2026-01-13,10,Product-10
Green Grams,Hybrid/ polished,-,-,Kagio,90.00/Kg,130.00/Kg,,Kirinyaga,2026-01-13,10,Product-10
Green Grams,Makueni,-,-,Kutus,167.00/Kg,200.00/Kg,,Kirinyaga,2026-01-12,10,Product-10
Green Grams,Hybrid/ polished,-,-,Kutus,155.00/Kg,175.00/Kg,,Kirinyaga,2026-01-12,10,Product-10
Green Grams,Makueni,-,-,Kerugoya,120.00/Kg,150.00/Kg,1600.0,Kirinyaga,2026-01-12,10,Product-10
Green Grams,Local-Special,-,-,Kerugoya,120.00/Kg,150.00/Kg,1500.0,Kirinyaga,2026-01-12,10,Product-10
Green Grams,Makueni,-,-,Kibuye,-,175.00/Kg,,Kisumu,2026-01-11,10,Product-10
Green Grams,Local-Special,-,-,Kibuye,-,125.00/Kg,,Kisumu,2026-01-11,10,Product-10
Green Grams,Hybrid/ polished,-,-,Kibuye,-,225.00/Kg,,Kisumu,2026-01-11,10,Product-10
Green Grams,Local-Special,-,-,Khayega,112.50/Kg,125.00/Kg,2700.0,Kakamega,2026-01-11,10,Product-10
Ground Nuts,Small Red,-,-,Khayega,239.13/Kg,260.87/Kg,900.0,Kakamega,2026-02-08,12,Product-12
Ground Nuts,Large Brown,-,-,Kibuye,-,260.00/Kg,,Kisumu,2026-02-08,12,Product-12
Ground Nuts,Small Red,-,-,Muhoroni,350.00/Kg,425.00/Kg,2000.0,Kisumu,2026-02-08,12,Product-12
Ground Nuts,Large Brown,-,-,Muhoroni,300.00/Kg,340.00/Kg,1000.0,Kisumu,2026-02-08,12,Product-12
Ground Nuts,Small Red,-,-,Mumias,-,295.45/Kg,,Kakamega,2026-02-06,12,Product-12
Ground Nuts,Large Brown,-,-,Gikomba,172.22/Kg,300.00/Kg,,Nairobi,2026-02-06,12,Product-12
Ground Nuts,Large Brown,-,-,Kawangware,220.00/Kg,240.00/Kg,,Nairobi,2026-02-06,12,Product-12
Ground Nuts,Large Brown,-,-,Katito,244.44/Kg,243.48/Kg,2500.0,Kisumu,2026-02-05,12,Product-12
Ground Nuts,Large Brown,-,-,Kerugoya,250.00/Kg,350.00/Kg,800.0,Kirinyaga,2026-02-05,12,Product-12
Ground Nuts,Large Brown,-,-,Kawangware,220.00/Kg,240.00/Kg,,Nairobi,2026-02-05,12,Product-12
Ground Nuts,Large Brown,-,-,Gikomba,172.22/Kg,300.00/Kg,,Nairobi,2026-02-05,12,Product-12
Ground Nuts,Large Brown,-,-,Mukuyu Market,-,350.00/Kg,,Muranga,2026-02-04,12,Product-12
Ground Nuts,Large Brown,-,-,Kawangware,220.00/Kg,240.00/Kg,,Nairobi,2026-02-04,12,Product-12
Ground Nuts,Large Brown,-,-,Gikomba,172.22/Kg,300.00/Kg,,Nairobi,2026-02-04,12,Product-12
Ground Nuts,Small Red,-,-,Holo,300.00/Kg,325.00/Kg,,Kisumu,2026-02-03,12,Product-12
Ground Nuts,Large Brown,-,-,Holo,275.00/Kg,300.00/Kg,,Kisumu,2026-02-03,12,Product-12
Ground Nuts,Large Brown,-,-,Kerugoya,250.00/Kg,350.00/Kg,800.0,Kirinyaga,2026-02-03,12,Product-12
Ground Nuts,Large Brown,-,-,Gikomba,172.22/Kg,300.00/Kg,,Nairobi,2026-02-03,12,Product-12
Ground Nuts,Large Brown,-,-,Kawangware,220.00/Kg,240.00/Kg,,Nairobi,2026-02-02,12,Product-12
Ground Nuts,Large Brown,-,-,Gikomba,172.22/Kg,300.00/Kg,,Nairobi,2026-02-02,12,Product-12
Ground Nuts,Small Red,-,-,Kibuye,-,320.00/Kg,,Kisumu,2026-02-01,12,Product-12
Ground Nuts,Large Brown,-,-,Kibuye,-,270.00/Kg,,Kisumu,2026-02-01,12,Product-12
Ground Nuts,Small Red,-,-,Muhoroni,325.00/Kg,400.00/Kg,1000.0,Kisumu,2026-02-01,12,Product-12
Ground Nuts,Large Brown,-,-,Muhoroni,300.00/Kg,37.50/Kg,1400.0,Kisumu,2026-02-01,12,Product-12
Ground Nuts,Small Red,-,-,Khayega,229.17/Kg,250.00/Kg,900.0,Kakamega,2026-02-01,12,Product-12
Ground Nuts,Large Brown,-,-,Mumias,-,325.00/Kg,,Kakamega,2026-01-30,12,Product-12
Ground Nuts,Small Red,-,-,Mumias,-,309.52/Kg,,Kakamega,2026-01-30,12,Product-12
Ground Nuts,Large Brown,-,-,Kawangware,220.00/Kg,240.00/Kg,,Nairobi,2026-01-30,12,Product-12
Ground Nuts,Large Brown,-,-,Gikomba,172.22/Kg,300.00/Kg,,Nairobi,2026-01-30,12,Product-12
Ground Nuts,Small Red,-,-,Kitale Municipality Market,275.00/Kg,300.00/Kg,300.0,Trans-Nzoia,2026-01-30,12,Product-12
Ground Nuts,Large Brown,-,-,Katito,200.00/Kg,283.51/Kg,2500.0,Kisumu,2026-01-29,12,Product-12
Ground Nuts,Large Brown,-,-,Kerugoya,250.00/Kg,350.00/Kg,800.0,Kirinyaga,2026-01-29,12,Product-12
Ground Nuts,Large Brown,-,-,Gikomba,172.22/Kg,300.00/Kg,,Nairobi,2026-01-29,12,Product-12
Ground Nuts,Large Brown,-,-,Kawangware,220.00/Kg,240.00/Kg,,Nairobi,2026-01-29,12,Product-12
Ground Nuts,Small Red,-,-,Kitale Municipality Market,250.00/Kg,275.00/Kg,400.0,Trans-Nzoia,2026-01-29,12,Product-12
Ground Nuts,Large Brown,-,-,Kitale Municipality Market,275.00/Kg,300.00/Kg,500.0,Trans-Nzoia,2026-01-29,12,Product-12
Ground Nuts,Small Red,-,-,Sabatia,244.44/Kg,214.29/Kg,,Kakamega,2026-01-28,12,Product-12
Ground Nuts,Small Red,-,-,Kitale Municipality Market,250.00/Kg,290.00/Kg,300.0,Trans-Nzoia,2026-01-28,12,Product-12
Ground Nuts,Large Brown,-,-,Makutano Kirinyaga,280.00/Kg,350.00/Kg,560.0,Kirinyaga,2026-01-28,12,Product-12
Ground Nuts,Large Brown,-,-,Kawangware,220.00/Kg,240.00/Kg,,Nairobi,2026-01-28,12,Product-12
Ground Nuts,Large Brown,-,-,Gikomba,172.22/Kg,300.00/Kg,,Nairobi,2026-01-28,12,Product-12
Ground Nuts,Large Brown,-,-,Kerugoya,250.00/Kg,320.00/Kg,850.0,Kirinyaga,2026-01-27,12,Product-12
Ground Nuts,Small Red,-,-,Holo,300.00/Kg,325.00/Kg,,Kisumu,2026-01-27,12,Product-12
Ground Nuts,Large Brown,-,-,Holo,275.00/Kg,300.00/Kg,,Kisumu,2026-01-27,12,Product-12
Ground Nuts,Small Red,-,-,Ahero,300.00/Kg,325.00/Kg,3200.0,Kisumu,2026-01-27,12,Product-12
Ground Nuts,Large Brown,-,-,Ahero,250.00/Kg,275.00/Kg,7000.0,Kisumu,2026-01-27,12,Product-12
Ground Nuts,Small Red,-,-,Bondeni,250.00/Kg,275.00/Kg,400.0,Trans-Nzoia,2026-01-27,12,Product-12
Ground Nuts,Large Brown,-,-,Bondeni,275.00/Kg,300.00/Kg,400.0,Trans-Nzoia,2026-01-27,12,Product-12
Ground Nuts,Large Brown,-,-,Kangemi Market,188.89/Kg,270.00/Kg,,Nairobi,2026-01-27,12,Product-12
Ground Nuts,Large Brown,-,-,Gikomba,172.22/Kg,300.00/Kg,,Nairobi,2026-01-27,12,Product-12
Ground Nuts,Large Brown,-,-,Kawangware,220.00/Kg,240.00/Kg,,Nairobi,2026-01-27,12,Product-12
Ground Nuts,Small Red,-,-,Kitale Municipality Market,250.00/Kg,275.00/Kg,200.0,Trans-Nzoia,2026-01-27,12,Product-12
Ground Nuts,Large Brown,-,-,Kitale Municipality Market,275.00/Kg,300.00/Kg,500.0,Trans-Nzoia,2026-01-27,12,Product-12
Ground Nuts,Large Brown,-,-,Gikomba,166.67/Kg,275.00/Kg,,Nairobi,2026-01-26,12,Product-12
Ground Nuts,Small Red,-,-,Kibuye,-,320.00/Kg,,Kisumu,2026-01-25,12,Product-12
Ground Nuts,Large Brown,-,-,Kibuye,-,270.00/Kg,,Kisumu,2026-01-25,12,Product-12
Ground Nuts,Large Brown,-,-,Makutano Embu,350.00/Kg,400.00/Kg,,Embu,2026-01-24,12,Product-12
Ground Nuts,Large Brown,-,-,Makutano Kirinyaga,350.00/Kg,400.00/Kg,340.0,Kirinyaga,2026-01-24,12,Product-12
Ground Nuts,Large Brown,-,-,Kerugoya,250.00/Kg,350.00/Kg,850.0,Kirinyaga,2026-01-23,12,Product-12
Ground Nuts,Large Brown,-,-,Kawangware,220.00/Kg,240.00/Kg,,Nairobi,2026-01-23,12,Product-12
Ground Nuts,Large Brown,-,-,Gikomba,166.67/Kg,275.00/Kg,,Nairobi,2026-01-23,12,Product-12
Ground Nuts,Small Red,-,-,Mumias,-,263.64/Kg,,Kakamega,2026-01-23,12,Product-12
Ground Nuts,Small Red,-,-,Kitale Municipality Market,250.00/Kg,275.00/Kg,300.0,Trans-Nzoia,2026-01-23,12,Product-12
Ground Nuts,Large Brown,-,-,Kitale Municipality Market,275.00/Kg,300.00/Kg,500.0,Trans-Nzoia,2026-01-23,12,Product-12
Ground Nuts,Large Brown,-,-,Katito,200.00/Kg,246.64/Kg,4500.0,Kisumu,2026-01-22,12,Product-12
Ground Nuts,Large Brown,-,-,Gikomba,166.67/Kg,275.00/Kg,,Nairobi,2026-01-22,12,Product-12
Ground Nuts,Small Red,-,-,Kitale Municipality Market,250.00/Kg,275.00/Kg,400.0,Trans-Nzoia,2026-01-22,12,Product-12
Ground Nuts,Large Brown,-,-,Kitale Municipality Market,275.00/Kg,300.00/Kg,500.0,Trans-Nzoia,2026-01-22,12,Product-12
Ground Nuts,Large Brown,-,-,Mukuyu Market,-,350.00/Kg,,Muranga,2026-01-21,12,Product-12
Ground Nuts,Small Red,-,-,Sabatia,244.44/Kg,285.71/Kg,540.0,Kakamega,2026-01-21,12,Product-12
Ground Nuts,Large Brown,-,-,Kawangware,220.00/Kg,240.00/Kg,,Nairobi,2026-01-21,12,Product-12
Ground Nuts,Small Red,-,-,Kitale Municipality Market,275.00/Kg,300.00/Kg,300.0,Trans-Nzoia,2026-01-21,12,Product-12
Ground Nuts,Large Brown,-,-,Maua,220.00/Kg,250.00/Kg,1200.0,Meru,2026-01-20,12,Product-12
Ground Nuts,Small Red,-,-,Bondeni,250.00/Kg,275.00/Kg,200.0,Trans-Nzoia,2026-01-20,12,Product-12
Ground Nuts,Large Brown,-,-,Bondeni,225.00/Kg,250.00/Kg,400.0,Trans-Nzoia,2026-01-20,12,Product-12
Ground Nuts,Small Red,-,-,Ahero,275.00/Kg,300.00/Kg,900.0,Kisumu,2026-01-20,12,Product-12
Ground Nuts,Large Brown,-,-,Ahero,250.00/Kg,275.00/Kg,4000.0,Kisumu,2026-01-20,12,Product-12
Ground Nuts,Large Brown,-,-,Kitale Municipality Market,250.00/Kg,275.00/Kg,300.0,Trans-Nzoia,2026-01-20,12,Product-12
Ground Nuts,Large Brown,-,-,Kerugoya,250.00/Kg,350.00/Kg,850.0,Kirinyaga,2026-01-19,12,Product-12
Ground Nuts,Large Brown,-,-,Gikomba,166.67/Kg,275.00/Kg,,Nairobi,2026-01-19,12,Product-12
Ground Nuts,Large Brown,-,-,Kawangware,220.00/Kg,240.00/Kg,,Nairobi,2026-01-19,12,Product-12
Ground Nuts,Large Brown,-,-,Muhoroni,300.00/Kg,325.00/Kg,2000.0,Kisumu,2026-01-18,12,Product-12
Ground Nuts,Small Red,-,-,Khayega,229.17/Kg,250.00/Kg,450.0,Kakamega,2026-01-18,12,Product-12
Ground Nuts,Large Brown,-,-,Kangemi Market,310.00/Kg,-,,Nairobi,2026-01-16,12,Product-12
Ground Nuts,Small Red,-,-,Mumias,-,261.90/Kg,,Kakamega,2026-01-16,12,Product-12
Ground Nuts,Large Brown,-,-,Mumias,-,257.14/Kg,,Kakamega,2026-01-16,12,Product-12
Ground Nuts,Large Brown,-,-,Katito,200.00/Kg,267.90/Kg,2500.0,Kisumu,2026-01-15,12,Product-12
Ground Nuts,Large Brown,-,-,Kerugoya,250.00/Kg,350.00/Kg,850.0,Kirinyaga,2026-01-15,12,Product-12
Ground Nuts,Large Brown,-,-,Gikomba,166.67/Kg,275.00/Kg,,Nairobi,2026-01-15,12,Product-12
Ground Nuts,Large Brown,-,-,Mukuyu Market,-,350.00/Kg,,Muranga,2026-01-14,12,Product-12
Ground Nuts,Small Red,-,-,Sabatia,244.44/Kg,285.71/Kg,720.0,Kakamega,2026-01-14,12,Product-12
Ground Nuts,Small Red,-,-,Ahero,350.00/Kg,375.00/Kg,3500.0,Kisumu,2026-01-13,12,Product-12
Ground Nuts,Large Brown,-,-,Ahero,325.00/Kg,350.00/Kg,8300.0,Kisumu,2026-01-13,12,Product-12
Ground Nuts,Small Red,-,-,Holo,300.00/Kg,325.00/Kg,,Kisumu,2026-01-13,12,Product-12
Ground Nuts,Large Brown,-,-,Holo,275.00/Kg,300.00/Kg,,Kisumu,2026-01-13,12,Product-12
Ground Nuts,Small Red,-,-,Musoli Market,235.56/Kg,261.90/Kg,720.0,Kakamega,2026-01-13,12,Product-12
Ground Nuts,Large Brown,-,-,Kerugoya,240.00/Kg,320.00/Kg,850.0,Kirinyaga,2026-01-12,12,Product-12
Ground Nuts,Small Red,-,-,Kibuye,-,310.00/Kg,,Kisumu,2026-01-11,12,Product-12
Ground Nuts,Large Brown,-,-,Kibuye,-,270.00/Kg,,Kisumu,2026-01-11,12,Product-12
Ground Nuts,Small Red,-,-,Khayega,229.17/Kg,250.00/Kg,630.0,Kakamega,2026-01-11,12,Product-12
Beans Red Haricot (Wairimu),-,-,-,Kibuye,-,200.00/Kg,,Kisumu,2026-02-08,29,Product-29
Beans Red Haricot (Wairimu),-,-,-,Muhoroni,115.38/Kg,123.08/Kg,1300.0,Kisumu,2026-02-08,29,Product-29
Beans Red Haricot (Wairimu),-,-,-,Makutano Embu,100.00/Kg,135.00/Kg,,Embu,2026-02-07,29,Product-29
Beans Red Haricot (Wairimu),-,-,-,Ngurubani Market,100.00/Kg,135.00/Kg,6700.0,Kirinyaga,2026-02-06,29,Product-29
Beans Red Haricot (Wairimu),-,-,-,Gikomba,88.89/Kg,150.00/Kg,,Nairobi,2026-02-06,29,Product-29
Beans Red Haricot (Wairimu),-,-,-,Mumias,-,166.67/Kg,,Kakamega,2026-02-06,29,Product-29
Beans Red Haricot (Wairimu),-,-,-,Kawangware,80.00/Kg,90.00/Kg,,Nairobi,2026-02-06,29,Product-29
Beans Red Haricot (Wairimu),-,-,-,Kerugoya,120.00/Kg,150.00/Kg,2700.0,Kirinyaga,2026-02-05,29,Product-29
Beans Red Haricot (Wairimu),-,-,-,Kawangware,80.00/Kg,90.00/Kg,,Nairobi,2026-02-05,29,Product-29
Beans Red Haricot (Wairimu),-,-,-,Gikomba,88.89/Kg,150.00/Kg,,Nairobi,2026-02-05,29,Product-29
Beans Red Haricot (Wairimu),-,-,-,Ngurubani Market,102.22/Kg,160.00/Kg,6210.0,Kirinyaga,2026-02-04,29,Product-29
Beans Red Haricot (Wairimu),-,-,-,Mukuyu Market,-,150.00/Kg,,Muranga,2026-02-04,29,Product-29
Beans Red Haricot (Wairimu),-,-,-,Kawangware,80.00/Kg,90.00/Kg,,Nairobi,2026-02-04,29,Product-29
Beans Red Haricot (Wairimu),-,-,-,Gikomba,88.89/Kg,150.00/Kg,,Nairobi,2026-02-04,29,Product-29
Beans Red Haricot (Wairimu),-,-,-,Holo,175.00/Kg,200.00/Kg,,Kisumu,2026-02-03,29,Product-29
Beans Red Haricot (Wairimu),-,-,-,Kerugoya,120.00/Kg,150.00/Kg,2700.0,Kirinyaga,2026-02-03,29,Product-29
Beans Red Haricot (Wairimu),-,-,-,Nkubu,111.11/Kg,120.00/Kg,540.0,Meru,2026-02-03,29,Product-29
Beans Red Haricot (Wairimu),-,-,-,Gikomba,88.89/Kg,150.00/Kg,,Nairobi,2026-02-03,29,Product-29
Beans Red Haricot (Wairimu),-,-,-,Kawangware,80.00/Kg,90.00/Kg,,Nairobi,2026-02-02,29,Product-29
Beans Red Haricot (Wairimu),-,-,-,Gikomba,88.89/Kg,150.00/Kg,,Nairobi,2026-02-02,29,Product-29
Beans Red Haricot (Wairimu),-,-,-,Kibuye,-,200.00/Kg,,Kisumu,2026-02-01,29,Product-29
Beans Red Haricot (Wairimu),-,-,-,Muhoroni,115.38/Kg,134.62/Kg,200.0,Kisumu,2026-02-01,29,Product-29
Beans Red Haricot (Wairimu),-,-,-,Khayega,112.50/Kg,125.00/Kg,1800.0,Kakamega,2026-02-01,29,Product-29
Beans Red Haricot (Wairimu),-,-,-,Makutano Embu,100.00/Kg,160.00/Kg,,Embu,2026-01-31,29,Product-29
Beans Red Haricot (Wairimu),-,-,-,Ngurubani Market,100.00/Kg,160.00/Kg,4800.0,Kirinyaga,2026-01-31,29,Product-29
Beans Red Haricot (Wairimu),-,-,-,Mumias,-,154.17/Kg,,Kakamega,2026-01-30,29,Product-29
Beans Red Haricot (Wairimu),-,-,-,Kawangware,80.00/Kg,90.00/Kg,,Nairobi,2026-01-30,29,Product-29
Beans Red Haricot (Wairimu),-,-,-,Gikomba,88.89/Kg,150.00/Kg,,Nairobi,2026-01-30,29,Product-29
Beans Red Haricot (Wairimu),-,-,-,Kitale Municipality Market,110.00/Kg,135.00/Kg,300.0,Trans-Nzoia,2026-01-30,29,Product-29
Beans Red Haricot (Wairimu),-,-,-,Kutus,96.00/Kg,120.00/Kg,,Kirinyaga,2026-01-29,29,Product-29
Beans Red Haricot (Wairimu),-,-,-,Kerugoya,120.00/Kg,150.00/Kg,2700.0,Kirinyaga,2026-01-29,29,Product-29
Beans Red Haricot (Wairimu),-,-,-,Gikomba,88.89/Kg,150.00/Kg,,Nairobi,2026-01-29,29,Product-29
Beans Red Haricot (Wairimu),-,-,-,Kawangware,80.00/Kg,90.00/Kg,,Nairobi,2026-01-29,29,Product-29
Beans Red Haricot (Wairimu),-,-,-,Kitale Municipality Market,100.00/Kg,116.67/Kg,300.0,Trans-Nzoia,2026-01-29,29,Product-29
Beans Red Haricot (Wairimu),-,-,-,Makutano Kirinyaga,110.00/Kg,130.00/Kg,1400.0,Kirinyaga,2026-01-28,29,Product-29
Beans Red Haricot (Wairimu),-,-,-,Gikomba,88.89/Kg,150.00/Kg,,Nairobi,2026-01-28,29,Product-29
Beans Red Haricot (Wairimu),-,-,-,Kawangware,80.00/Kg,90.00/Kg,,Nairobi,2026-01-28,29,Product-29
Beans Red Haricot (Wairimu),-,-,-,Kerugoya,120.00/Kg,150.00/Kg,2750.0,Kirinyaga,2026-01-27,29,Product-29
Beans Red Haricot (Wairimu),-,-,-,Holo,175.00/Kg,200.00/Kg,,Kisumu,2026-01-27,29,Product-29
Beans Red Haricot (Wairimu),-,-,-,Ahero,150.00/Kg,165.00/Kg,1900.0,Kisumu,2026-01-27,29,Product-29
Beans Red Haricot (Wairimu),-,-,-,Kangemi Market,83.33/Kg,100.00/Kg,,Nairobi,2026-01-27,29,Product-29
Beans Red Haricot (Wairimu),-,-,-,Maua,116.67/Kg,150.00/Kg,450.0,Meru,2026-01-27,29,Product-29
Beans Red Haricot (Wairimu),-,-,-,Gikomba,88.89/Kg,150.00/Kg,,Nairobi,2026-01-27,29,Product-29
Beans Red Haricot (Wairimu),-,-,-,Nkubu,111.11/Kg,120.00/Kg,720.0,Meru,2026-01-27,29,Product-29
Beans Red Haricot (Wairimu),-,-,-,Kawangware,80.00/Kg,90.00/Kg,,Nairobi,2026-01-27,29,Product-29
Beans Red Haricot (Wairimu),-,-,-,Kitale Municipality Market,110.00/Kg,140.00/Kg,300.0,Trans-Nzoia,2026-01-27,29,Product-29
Beans Red Haricot (Wairimu),-,-,-,Ngurubani Market,102.22/Kg,160.00/Kg,5280.0,Kirinyaga,2026-01-26,29,Product-29
Beans Red Haricot (Wairimu),-,-,-,Gikomba,88.89/Kg,150.00/Kg,,Nairobi,2026-01-26,29,Product-29
Beans Red Haricot (Wairimu),-,-,-,Muhoroni,120.00/Kg,140.00/Kg,1500.0,Kisumu,2026-01-25,29,Product-29
Beans Red Haricot (Wairimu),-,-,-,Kibuye,-,200.00/Kg,,Kisumu,2026-01-25,29,Product-29
Beans Red Haricot (Wairimu),-,-,-,Kerugoya,120.00/Kg,150.00/Kg,2750.0,Kirinyaga,2026-01-23,29,Product-29
Beans Red Haricot (Wairimu),-,-,-,Ngurubani Market,100.00/Kg,135.00/Kg,6700.0,Kirinyaga,2026-01-23,29,Product-29
Beans Red Haricot (Wairimu),-,-,-,Kawangware,80.00/Kg,90.00/Kg,,Nairobi,2026-01-23,29,Product-29
Beans Red Haricot (Wairimu),-,-,-,Gikomba,88.89/Kg,150.00/Kg,,Nairobi,2026-01-23,29,Product-29
Beans Red Haricot (Wairimu),-,-,-,Mumias,-,121.74/Kg,,Kakamega,2026-01-23,29,Product-29
Beans Red Haricot (Wairimu),-,-,-,Kitale Municipality Market,130.00/Kg,150.00/Kg,200.0,Trans-Nzoia,2026-01-23,29,Product-29
Beans Red Haricot (Wairimu),-,-,-,Gikomba,88.89/Kg,150.00/Kg,,Nairobi,2026-01-22,29,Product-29
Beans Red Haricot (Wairimu),-,-,-,Kitale Municipality Market,100.00/Kg,130.00/Kg,200.0,Trans-Nzoia,2026-01-22,29,Product-29
Beans Red Haricot (Wairimu),-,-,-,Mukuyu Market,-,150.00/Kg,,Muranga,2026-01-21,29,Product-29
Beans Red Haricot (Wairimu),-,-,-,Gikomba,88.89/Kg,150.00/Kg,,Nairobi,2026-01-21,29,Product-29
Beans Red Haricot (Wairimu),-,-,-,Kawangware,80.00/Kg,90.00/Kg,,Nairobi,2026-01-21,29,Product-29
Beans Red Haricot (Wairimu),-,-,-,Mulot,72.22/Kg,100.00/Kg,1200.0,Bomet,2026-01-21,29,Product-29
Beans Red Haricot (Wairimu),-,-,-,Ngurubani Market,100.00/Kg,150.00/Kg,5800.0,Kirinyaga,2026-01-20,29,Product-29
Beans Red Haricot (Wairimu),-,-,-,Bondeni,100.00/Kg,140.00/Kg,300.0,Trans-Nzoia,2026-01-20,29,Product-29
Beans Red Haricot (Wairimu),-,-,-,Ahero,140.00/Kg,150.00/Kg,900.0,Kisumu,2026-01-20,29,Product-29
Beans Red Haricot (Wairimu),-,-,-,Nkubu,111.11/Kg,120.00/Kg,630.0,Meru,2026-01-20,29,Product-29
Beans Red Haricot (Wairimu),-,-,-,Kerugoya,120.00/Kg,140.00/Kg,2750.0,Kirinyaga,2026-01-19,29,Product-29
Beans Red Haricot (Wairimu),-,-,-,Gikomba,88.89/Kg,150.00/Kg,,Nairobi,2026-01-19,29,Product-29
Beans Red Haricot (Wairimu),-,-,-,Kawangware,65.00/Kg,85.00/Kg,,Nairobi,2026-01-19,29,Product-29
Beans Red Haricot (Wairimu),-,-,-,Muhoroni,1200.00/Kg,128.00/Kg,2000.0,Kisumu,2026-01-18,29,Product-29
Beans Red Haricot (Wairimu),-,-,-,Ngurubani Market,100.00/Kg,140.00/Kg,6700.0,Kirinyaga,2026-01-16,29,Product-29
Beans Red Haricot (Wairimu),-,-,-,Kangemi Market,83.33/Kg,95.00/Kg,,Nairobi,2026-01-16,29,Product-29
Beans Red Haricot (Wairimu),-,-,-,Mumias,-,116.67/Kg,,Kakamega,2026-01-16,29,Product-29
Beans Red Haricot (Wairimu),-,-,-,Kerugoya,120.00/Kg,150.00/Kg,2700.0,Kirinyaga,2026-01-15,29,Product-29
Beans Red Haricot (Wairimu),-,-,-,Gikomba,88.89/Kg,150.00/Kg,,Nairobi,2026-01-15,29,Product-29
Beans Red Haricot (Wairimu),-,-,-,Ngurubani Market,100.00/Kg,155.00/Kg,6500.0,Kirinyaga,2026-01-13,29,Product-29
Beans Red Haricot (Wairimu),-,-,-,Ahero,150.00/Kg,1650.00/Kg,3900.0,Kisumu,2026-01-13,29,Product-29
Beans Red Haricot (Wairimu),-,-,-,Holo,175.00/Kg,200.00/Kg,,Kisumu,2026-01-13,29,Product-29
Beans Red Haricot (Wairimu),-,-,-,Musoli Market,120.00/Kg,116.67/Kg,720.0,Kakamega,2026-01-13,29,Product-29
Beans Red Haricot (Wairimu),-,-,-,Nkubu,111.11/Kg,120.00/Kg,720.0,Meru,2026-01-13,29,Product-29
Beans Red Haricot (Wairimu),-,-,-,Kutus,96.00/Kg,120.00/Kg,,Kirinyaga,2026-01-12,29,Product-29
Beans Red Haricot (Wairimu),-,-,-,Kerugoya,120.00/Kg,150.00/Kg,2750.0,Kirinyaga,2026-01-12,29,Product-29
Beans Red Haricot (Wairimu),-,-,-,Kibuye,-,190.00/Kg,,Kisumu,2026-01-11,29,Product-29
